item,item_en,item_id,2026-Q2,2026-Q1,2025-Q4,2025-Q3,2025-Q2,2025-Q1,2024-Q4,2024-Q3
"Tiền mặt, vàng bạc, đá quý",Cash and precious metals,cash_and_precious_metals,2058498000000.0,2351481000000.0,2038380000000.0,1825555000000.0,2097126000000.0,1690751000000.0,1563509000000.0,1537467000000.0
Tài sản cố định,Fixed assets,fixed_assets,5508434000000.0,5515580000000.0,5538939000000.0,5363567000000.0,5350814000000.0,5321898000000.0,5328025000000.0,5254701000000.0
Tài sản cố định hữu hình,Tangible fixed assets,tangible_fixed_assets,810812000000.0,813865000000.0,828568000000.0,817679000000.0,830465000000.0,825432000000.0,826882000000.0,756692000000.0
Nguyên giá TSCĐ hữu hình,Cost,cost,1636292000000.0,1620731000000.0,1618550000000.0,1599837000000.0,1592952000000.0,1597853000000.0,1580969000000.0,1507930000000.0
Hao mòn TSCĐ hữu hình,Accumulated depreciation,accumulated_depreciation,-825480000000.0,-806866000000.0,-789982000000.0,-782158000000.0,-762487000000.0,-772421000000.0,-754087000000.0,-751238000000.0
Tài sản cố định thuê tài chính,Finance leased assets,finance_leased_assets,0.0,0.0,0.0,0.0,0.0,0.0,0.0,1594000000.0
Nguyên giá TSCĐ thuê tài chính,Cost,cost,0.0,0.0,0.0,0.0,0.0,0.0,0.0,7505000000.0
Hao mòn TSCĐ thuê tài chính,Accumulated depreciation,accumulated_depreciation,0.0,0.0,0.0,0.0,0.0,0.0,0.0,-5911000000.0
Tài sản cố định vô hình,Intangible fixed assets,intangible_fixed_assets,4697622000000.0,4701715000000.0,4710371000000.0,4545888000000.0,4520349000000.0,4496466000000.0,4501143000000.0,4496415000000.0
Nguyên giá TSCĐ vô hình,Cost,cost,5137388000000.0,5125771000000.0,5119380000000.0,4934165000000.0,4898937000000.0,4866713000000.0,4863891000000.0,4849245000000.0
Hao mòn TSCĐ vô hình,Accumulated amortization,accumulated_amortization,-439766000000.0,-424056000000.0,-409009000000.0,-388277000000.0,-378588000000.0,-370247000000.0,-362748000000.0,-352830000000.0
Bất động sản đầu tư,Investment properties,investment_properties,0.0,0.0,0.0,0.0,0.0,0.0,0.0,0.0
Nguyên giá bất động sản đầu tư,Historical cost,historical_cost,0.0,0.0,0.0,0.0,0.0,0.0,0.0,0.0
Hao mòn bất động sản đầu tư,Accumulated depreciation,accumulated_depreciation,0.0,0.0,0.0,0.0,0.0,0.0,0.0,0.0
"Góp vốn, đầu tư dài hạn",Investment in other entities and long term investments,investment_in_other_entities_and_long_term_investments,497815000000.0,430570000000.0,413789000000.0,410624000000.0,419945000000.0,443238000000.0,441291000000.0,432018000000.0
Đầu tư vào công ty con,Investment in subsidiaries,investment_in_subsidiaries,0.0,0.0,0.0,0.0,0.0,0.0,0.0,0.0
Đầu tư vào công ty liên doanh,Investment in associate companies,investment_in_associate_companies,426355000000.0,359110000000.0,342326000000.0,339347000000.0,348668000000.0,371961000000.0,370014000000.0,357742000000.0
Đầu tư dài hạn khác,Other Long-term investments,other_long_term_investments,158272000000.0,158272000000.0,158272000000.0,158272000000.0,158272000000.0,158272000000.0,158272000000.0,158272000000.0
Dự phòng giảm giá đầu tư dài hạn,Provision for long-term investments,provision_for_long_term_investments,-86812000000.0,-86812000000.0,-86809000000.0,-86995000000.0,-86995000000.0,-86995000000.0,-86995000000.0,-83996000000.0
TỔNG TÀI SẢN,TOTAL ASSETS,total_assets,962886783000000.0,930982542000000.0,892008709000000.0,852622538000000.0,825718979000000.0,790742321000000.0,747478069000000.0,688387029000000.0
TỔNG NỢ PHẢI TRẢ,TOTAL LIABILITIES,total_liabilities,887577341000000.0,859259342000000.0,823877771000000.0,786861281000000.0,762451065000000.0,729269185000000.0,689410725000000.0,632635960000000.0
VỐN CHỦ SỞ HỮU,OWNER'S EQUITY,owners_equity,75309442000000.0,71723200000000.0,68130938000000.0,65761257000000.0,63267914000000.0,61473136000000.0,58067344000000.0,55751069000000.0
Vốn điều lệ,Charter capital,charter_capital,45942000000000.0,45942000000000.0,45942000000000.0,45942000000000.0,40657470000000.0,40657470000000.0,36629085000000.0,36629085000000.0
Thặng dư vốn cổ phần,Capital surplus,capital_surplus,1449603000000.0,1449603000000.0,1449603000000.0,1449603000000.0,1449603000000.0,1449603000000.0,1449603000000.0,1449603000000.0
Vốn khác,Owner's other capital,owners_other_capital,0.0,0.0,0.0,0.0,0.0,0.0,0.0,0.0
Cổ phiếu Quỹ,Treasury shares,treasury_shares,-5260000000.0,-5260000000.0,-5260000000.0,-5260000000.0,-5260000000.0,-5260000000.0,-5260000000.0,-5260000000.0
Chênh lệch đánh giá lại tài sản,Difference upon assets revaluation,difference_upon_assets_revaluation,0.0,0.0,0.0,0.0,0.0,0.0,0.0,0.0
Chênh lệch tỷ giá hối đoái,Foreign currency difference reserve,foreign_currency_difference_reserve,-462965000000.0,-449790000000.0,-446340000000.0,-429736000000.0,-460465000000.0,-508863000000.0,-530940000000.0,-614627000000.0
Lợi nhuận chưa phân phối,Retained Earnings,retained_earnings,18750277000000.0,15254774000000.0,11642889000000.0,11624112000000.0,14444142000000.0,12721786000000.0,13333023000000.0,12934661000000.0
Lợi ích của cổ đông thiểu số (trước 2015),Minority interest (Before 2015),minority_interest_before_2015,0.0,0.0,0.0,0.0,0.0,0.0,0.0,0.0
NỢ PHẢI TRẢ VÀ VỐN CHỦ SỞ HỮU,LIABILITIES AND SHAREHOLDER'S EQUITY,liabilities_and_shareholders_equity,962886783000000.0,930982542000000.0,892008709000000.0,852622538000000.0,825718979000000.0,790742321000000.0,747478069000000.0,688387029000000.0
Tiền gửi tại Ngân hàng nhà nước Việt Nam,Balances with the SBV,balances_with_the_sbv,8160592000000.0,14682152000000.0,34354634000000.0,27985319000000.0,30626622000000.0,35473344000000.0,27436936000000.0,38162945000000.0
Tiền gửi tại các TCTD khác và cho vay các TCTD khác,Placements with and loans to other credit institutions,placements_with_and_loans_to_other_credit_institutions,162880121000000.0,172280031000000.0,137105636000000.0,118987439000000.0,106638988000000.0,124110875000000.0,117348823000000.0,101054271000000.0
Chứng khoán kinh doanh,"Trading securities, net",trading_securities_net,0.0,0.0,41000000.0,51000000.0,1810000000.0,1821000000.0,4910456000000.0,6633596000000.0
Chứng khoán kinh doanh,Trading securities,trading_securities,0.0,0.0,461000000.0,461000000.0,3325000000.0,3880000000.0,4949608000000.0,6672352000000.0
Dự phòng giảm giá chứng khoán kinh doanh,Less: Provision for diminution in value of trading securities,less_provision_for_diminution_in_value_of_trading_securities,0.0,0.0,-420000000.0,-410000000.0,-1515000000.0,-2059000000.0,-39152000000.0,-38756000000.0
Các công cụ tài chính phái sinh và các tài sản tài chính khác,Derivatives and other financial assets,derivatives_and_other_financial_assets,64253000000.0,0.0,140580000000.0,0.0,0.0,0.0,0.0,21453000000.0
Cho vay khách hàng,"Loans and advances to customers, net",loans_and_advances_to_customers_net,648552733000000.0,616537425000000.0,604363682000000.0,597275072000000.0,584806636000000.0,558296462000000.0,511153150000000.0,471738755000000.0
Cho vay khách hàng,Loans and advances to customers,loans_and_advances_to_customers,659610969000000.0,628157186000000.0,614861980000000.0,607852473000000.0,594564116000000.0,567948143000000.0,519949991000000.0,480983938000000.0
Dự phòng rủi ro cho vay khách hàng,Less: Provision for losses on loans and advances to customers,less_provision_for_losses_on_loans_and_advances_to_customers,-11058236000000.0,-11619761000000.0,-10498298000000.0,-10577401000000.0,-9757480000000.0,-9651681000000.0,-8796841000000.0,-9245183000000.0
Chứng khoán đầu tư,Investment securities,investment_securities,35895486000000.0,31045716000000.0,28300025000000.0,31665526000000.0,44637945000000.0,28810113000000.0,32335975000000.0,29003078000000.0
Chứng khoán đầu tư sẵn sàng để bán,Available-for-sales securities,available_for_sales_securities,13152603000000.0,12157214000000.0,12162380000000.0,16267846000000.0,17326696000000.0,14395427000000.0,14956915000000.0,12733839000000.0
Chứng khoán đầu tư giữ đến ngày đáo hạn,Held-to-maturity securities,held_to_maturity_securities,22778091000000.0,18923735000000.0,16173014000000.0,15827994000000.0,27734964000000.0,14838424000000.0,17812962000000.0,16508132000000.0
Dự phòng giảm giá chứng khoán đầu tư,Provision for diminution in value of investment securities,provision_for_diminution_in_value_of_investment_securities,-35208000000.0,-35233000000.0,-35369000000.0,-430314000000.0,-423715000000.0,-423738000000.0,-433902000000.0,-238893000000.0
Tài sản Có khác,Other assets,other_assets,99268851000000.0,88139587000000.0,79753003000000.0,69109385000000.0,51139093000000.0,36593819000000.0,46959904000000.0,34548745000000.0
Các khoản nợ chính phủ và NHNN Việt Nam,Due to Gov and Loans from SBV,due_to_gov_and_loans_from_sbv,15701280000000.0,13992787000000.0,16553557000000.0,2356033000000.0,1206750000000.0,1227058000000.0,1242864000000.0,1260590000000.0
Tiền gửi và vay các Tổ chức tín dụng khác,Deposits and Loans from other credit institutions,deposits_and_loans_from_other_credit_institutions,156954878000000.0,157667338000000.0,148700093000000.0,139939423000000.0,121148251000000.0,137035250000000.0,134090990000000.0,107670219000000.0
Tiền gửi của khách hàng,Deposits from customers,deposits_from_customers,624269133000000.0,600194837000000.0,572149573000000.0,564829013000000.0,561718311000000.0,530116264000000.0,499896571000000.0,471799292000000.0
Các công cụ tài chính phái sinh và các khoản nợ tài chính khác,Derivatives and other financial liabilities,derivatives_and_other_financial_liabilities,0.0,164697000000.0,0.0,165386000000.0,86710000000.0,52351000000.0,61927000000.0,0.0
"Vốn tài trợ, uỷ thác đầu tư của Chính phủ và các tổ chức tín dụng khác","Funds received from Gov, international and other institutions",funds_received_from_gov_international_and_other_institutions,16734120000000.0,16792668000000.0,15804523000000.0,8037105000000.0,7978507000000.0,5264242000000.0,1429650000000.0,1496988000000.0
Phát hành giấy tờ có giá,Convertible bonds/CDs and other valuable papers issued,convertible_bonds_cds_and_other_valuable_papers_issued,43837252000000.0,53116969000000.0,53096625000000.0,54797694000000.0,54598314000000.0,41598814000000.0,39248195000000.0,36548196000000.0
Các khoản nợ khác,Other liabilities,other_liabilities,30080678000000.0,17330046000000.0,17573400000000.0,16736627000000.0,15714222000000.0,13975206000000.0,13440528000000.0,13860675000000.0
Vốn của tổ chức tín dụng,Capital,capital,47386343000000.0,47386343000000.0,47386343000000.0,47386343000000.0,42101813000000.0,42101813000000.0,38073428000000.0,38073428000000.0
Vốn đầu tư XDCB,Fund for basic construction,fund_for_basic_construction,0.0,0.0,0.0,0.0,0.0,0.0,0.0,0.0
Cổ phiếu ưu đãi,Preferred shares,preferred_shares,0.0,0.0,0.0,0.0,0.0,0.0,0.0,0.0
Quỹ của tổ chức tín dụng,Reserves,reserves,9635787000000.0,9531873000000.0,9548046000000.0,7180538000000.0,7182424000000.0,7158400000000.0,7191833000000.0,5357607000000.0
Bảo lãnh khác,Other guarantee,other_guarantee,34750182000000.0,29909214000000.0,28195294000000.0,26901056000000.0,32545704000000.0,19762976000000.0,17927463000000.0,15830553000000.0
Cam kết giao dịch hối đoái,Foreign exchange transactions commitments,foreign_exchange_transactions_commitments,101633000000.0,84262000000.0,63886000000.0,55533000000.0,46201000000.0,42479000000.0,30089000000.0,48466000000.0
Cam kết mua ngoại tệ,Foreign exchange buying commitments,foreign_exchange_buying_commitments,8146000000.0,6331000000.0,65680000000.0,0.0,237504000000.0,314856000000.0,805070000000.0,14701000000.0
Cam kết bán ngoại tệ,Foreign exchange selling commitments,foreign_exchange_selling_commitments,266376000000.0,528520000000.0,397853000000.0,4841000000.0,0.0,831225000000.0,814380000000.0,222347000000.0
Cam kết giao dịch hoán đổi,Swap commitments,swap_commitments,16966404000000.0,19822899000000.0,15435251000000.0,21168390000000.0,28026920000000.0,0.0,13835190000000.0,3649503000000.0
Cam kết giao dịch tương lai,Future commitments,future_commitments,0.0,0.0,0.0,0.0,0.0,0.0,0.0,0.0
Cam kết cho vay không hủy ngang,Irrevocable loan commitments,irrevocable_loan_commitments,0.0,0.0,0.0,0.0,0.0,0.0,0.0,0.0
Cam kết trong nghiệp vụ L/C,Letters of credit commitments,letters_of_credit_commitments,90160160000000.0,81347628000000.0,73013107000000.0,51495353000000.0,37833008000000.0,16288238000000.0,26254923000000.0,7086451000000.0
Cam kết khác,Other commitments,other_commitments,3893782000000.0,0.0,0.0,0.0,2565250000000.0,0.0,0.0,0.0
Lợi ích của cổ đông thiểu số,Minority interest,minority_interest,0.0,0.0,0.0,0.0,0.0,0.0,0.0,0.0
Tiền gửi tại các TCTD khác,Balances with other credit institutions,balances_with_other_credit_institutions,152884551000000.0,162533905000000.0,126105441000000.0,105330785000000.0,91238974000000.0,99380311000000.0,92635563000000.0,77594939000000.0
Cho vay các TCTD khác,Loans to other credit institutions,loans_to_other_credit_institutions,10113490000000.0,9864486000000.0,11000195000000.0,13656654000000.0,15400014000000.0,24730564000000.0,24713260000000.0,23459332000000.0
Dự phòng rủi ro,Allowance for balances with and loans to other credit institutions,allowance_for_balances_with_and_loans_to_other_credit_institutions,-117920000000.0,-118360000000.0,0.0,0.0,0.0,0.0,0.0,0.0
Hoạt động mua nợ,Debt Buying,debt_buying,0.0,0.0,0.0,0.0,0.0,0.0,0.0,0.0
Mua nợ,Debt Buying,debt_buying,0.0,0.0,0.0,0.0,0.0,0.0,0.0,0.0
Dự phòng rủi ro hoạt động mua nợ,Provision for losses on debt buying,provision_for_losses_on_debt_buying,0.0,0.0,0.0,0.0,0.0,0.0,0.0,0.0
Các khoản phải thu,Other receivables,other_receivables,78902626000000.0,68254915000000.0,65335811000000.0,45803866000000.0,33993053000000.0,16383064000000.0,33481806000000.0,13342666000000.0
Các khoản lãi và phí phải thu,Accrued interest and fee receivables,accrued_interest_and_fee_receivables,18580414000000.0,17661071000000.0,12957715000000.0,21291327000000.0,15688065000000.0,18662050000000.0,12221898000000.0,19763058000000.0
Tài sản thuế TNDN hoãn lại,Deferred tax assets,deferred_tax_assets,2075000000.0,0.0,10450000000.0,14550000000.0,4627000000.0,0.0,0.0,0.0
Tài sản Có khác,Other assets,other_assets,1831949000000.0,2271814000000.0,1503840000000.0,2055986000000.0,1509992000000.0,1640802000000.0,1380412000000.0,1585360000000.0
Trong đó: Lợi thế thương mại,In which: Goodwill,in_which_goodwill,0.0,0.0,0.0,0.0,0.0,0.0,0.0,0.0
Các khoản dự phòng rủi ro cho các tài sản Có nội bảng khác,Provision for other assets,provision_for_other_assets,-48213000000.0,-48213000000.0,-54813000000.0,-56344000000.0,-56644000000.0,-92097000000.0,-124212000000.0,-142339000000.0
Tiền gửi của các tổ chức tín dụng khác,Deposits and Loans from other credit institutions,deposits_and_loans_from_other_credit_institutions,131291373000000.0,139001678000000.0,137703823000000.0,132397287000000.0,115226712000000.0,128848053000000.0,123726071000000.0,97668338000000.0
Vay các tổ chức tín dụng khác,Loans from other credit institutions,loans_from_other_credit_institutions,25663505000000.0,18665660000000.0,10996270000000.0,7542136000000.0,5921539000000.0,8187197000000.0,10364919000000.0,10001881000000.0
"Các khoản lãi, phí phải trả",Accrued interest and fee payables,accrued_interest_and_fee_payables,16893829000000.0,14969575000000.0,13813151000000.0,13907297000000.0,12856625000000.0,11562205000000.0,10591116000000.0,10891139000000.0
Thuế TNDN hoãn lại phải trả,Deferred tax liabilities,deferred_tax_liabilities,36599000000.0,0.0,36599000000.0,0.0,36599000000.0,0.0,22049000000.0,0.0
Các khoản phải trả và công nợ khác,Other liabilities,other_liabilities,13150250000000.0,2360471000000.0,3723650000000.0,2829330000000.0,2820998000000.0,2413001000000.0,2827363000000.0,2969536000000.0
Dự phòng rủi ro khác,Allowance for other liabilities,allowance_for_other_liabilities,0.0,0.0,0.0,0.0,0.0,0.0,0.0,0.0
Vốn Góp liên doanh,Investments in joint-venture,investments_in_joint_venture,0.0,0.0,0.0,0.0,0.0,0.0,0.0,0.0
Đầu tư vào công ty liên kết,Investments in associates,investments_in_associates,426355000000.0,359110000000.0,342326000000.0,339347000000.0,348668000000.0,371961000000.0,370014000000.0,357742000000.0
