id,news_id,language,news_category_code,icb_code,com_group_code,ticker,news_title,friendly_title,news_sub_title,friendly_sub_title,news_short_content,news_full_content,news_image_url,news_small_image_url,news_source,news_source_link,news_author,news_keyword,friendly_keyword,public_date
6ac833a82bf21c76c8b2fc63,12184734,0,,,,,BID: Thông báo quyết định của NHNN về việc sửa đổi nội dung vốn điều lệ tại Giấy phép thành lập và hoạt động của BID,,,,,,https://cdn.fiingroup.vn/medialib/127889/I/2024/11/25/16195616139210700_BID.png,,,,,,,2026-10-08T10:40:22
6ac590957b7b734fdb56ad82,12182476,0,,,,,BID: HĐQT thông qua nội dung hợp đồng cho BIC Thái Nguyên thuê trụ sở chi nhánh Cao Bằng trong thời gian chưa sử dụng hết,,,,,,https://cdn.fiingroup.vn/medialib/127889/I/2024/11/25/16195616139210700_BID.png,,,,,,,2026-10-06T17:20:46
6ac2edad7b7b734fdb52e466,12179435,0,,,,,"BID: HĐQT thông qua việc cấp hạn mức đối với  Keb Hana Bank Co.,LTD",,,,,,https://cdn.fiingroup.vn/medialib/127889/I/2024/11/25/16195616139210700_BID.png,,,,,,,2026-10-02T18:22:00
6abda79dc5919c63307d5899,12176314,0,,,,,BID: Nhận được thông báo về việc giao dịch chứng khoán thay đổi đăng ký niêm yết của HOSE,,,,,,https://cdn.fiingroup.vn/medialib/127889/I/2024/11/25/16195616139210700_BID.png,,,,,,,2026-09-30T17:08:00
6ab71003c5919c633074816b,12169348,0,,,,,BID: Thông báo về việc giao dịch chứng khoán thay đổi đăng ký niêm yết,,,,,,https://cdn.fiingroup.vn/medialib/127889/I/2024/11/25/16195616139210700_BID.png,,,,,,,2026-09-25T10:17:00
6ab46d1ca4fda675da050108,12166647,0,,,,,BID: Thông báo nhận được Quyết định của HOSE về việc thay đổi đăng ký niêm yết,,,,,,https://cdn.fiingroup.vn/medialib/127889/I/2024/11/25/16195616139210700_BID.png,,,,,,,2026-09-23T10:53:44
6ab46d1ca4fda675da050119,12166740,0,,,,,BID: Thông báo nhận được công văn của VSDC về việc điều chỉnh thông tin số lượng chứng khoán đăng ký,,,,,,https://cdn.fiingroup.vn/medialib/127889/I/2024/11/25/16195616139210700_BID.png,,,,,,,2026-09-23T10:52:20
6ab31ba8a4fda675da03848f,12162175,0,,,,,BID: Quyết định về việc thay đổi đăng ký niêm yết,,,,,,https://cdn.fiingroup.vn/medialib/127889/I/2024/11/25/16195616139210700_BID.png,,,,,,,2026-09-22T09:20:00
6ab1ca29a4fda675da020852,12157879,0,,,,,BID: HĐQT thông qua nội dung hợp đồng cho thuê trụ sở chi nhánh BIDV Thành Vinh,,,,,,https://cdn.fiingroup.vn/medialib/127889/I/2024/11/25/16195616139210700_BID.png,,,,,,,2026-09-21T09:58:43
6ab1ca29a4fda675da020850,12157884,0,,,,,BID: Quyết định của TGĐ về việc thay đổi địa điểm đặt trụ sở Chi nhánh Thủ Thiêm,,,,,,https://cdn.fiingroup.vn/medialib/127889/I/2024/11/25/16195616139210700_BID.png,,,,,,,2026-09-21T09:57:11
6aa8909a03bfaa031b123aa4,12149459,0,,,,,BID: Quyết định về việc thay đổi địa điểm đặt trụ sở Chi nhánh Bắc Hà,,,,,,https://cdn.fiingroup.vn/medialib/127889/I/2024/11/25/16195616139210700_BID.png,,,,,,,2026-09-14T10:20:15
6aa8909a03bfaa031b123a8c,12148813,0,,,,,BID: Thông báo nhận được Công văn của UBCKNN về báo cáo kết quả đợt chào bán trái phiếu ra công chúng (đợt 3),,,,,,https://cdn.fiingroup.vn/medialib/127889/I/2024/11/25/16195616139210700_BID.png,,,,,,,2026-09-14T08:46:19
6a9e048664b558098793cedc,12140748,0,,,,,BID: HĐQT phê duyệt điều chỉnh hạn mức tài khoản Nostro VND,,,,,,https://cdn.fiingroup.vn/medialib/127889/I/2024/11/25/16195616139210700_BID.png,,,,,,,2026-09-04T17:39:22
6a92272d1578f9da77bdd07c,12136663,0,,,,,BID: Thông báo nhận được công văn của UBCKNN về tài liệu báo cáo kết quả phát hành cổ phiếu để tăng vốn cổ phần từ nguồn vốn chủ sở hữu,,,,,,https://cdn.fiingroup.vn/medialib/127889/I/2024/11/25/16195616139210700_BID.png,,,,,,,2026-08-28T09:46:00
6a8e31d73107b42795894a0c,12132756,0,,,,,"BID: Báo cáo kết quả đợt phát hành CP để tăng vốn cổ phần từ nguồn vốn CSH, Thông báo thay đổi số lương CP có quyền biểu quyết",,,,,,https://cdn.fiingroup.vn/medialib/127889/I/2024/11/25/16195616139210700_BID.png,,,,,,,2026-08-25T17:16:11
6a8ce14c3107b42795867d1f,12130522,0,,,,,"BID: HĐQT thông qua hợp đồng, giao dịch với CTCP Đầu tư và Phát triển Ngân lực",,,,,,https://cdn.fiingroup.vn/medialib/127889/I/2024/11/25/16195616139210700_BID.png,,,,,,,2026-08-24T11:18:12
6a8a3e533107b4279582c59b,12128987,0,,,,,BID: HĐQT thông qua hợp đồng khung bảo hiểm và các hợp đồng bảo hiểm cho chủ thẻ BIDV năm 2026 (BIC),,,,,,https://cdn.fiingroup.vn/medialib/127889/I/2024/11/25/16195616139210700_BID.png,,,,,,,2026-08-21T17:37:49
6a88ec964efe265bf5f20122,12127545,0,,,,,BID: CBTT về giao dịch với bên có liên quan,,,,,,https://cdn.fiingroup.vn/medialib/127889/I/2024/11/25/16195616139210700_BID.png,,,,,,,2026-08-21T08:55:49
6a8255327f344694df345fe4,12119955,0,,,,,BID: Nhận được công văn của UBCKNN về tài liệu báo cáo triển khai chào bán trái phiếu ra công chúng đợt 3,,,,,,https://cdn.fiingroup.vn/medialib/127889/I/2024/11/25/16195616139210700_BID.png,,,,,,,2026-08-14T17:13:19
6a7d0ed07f344694df2c2ba1,12115548,0,,,,,BID: Quyết định của HĐQT về việc nghỉ việc hưởng chế độ hưu trí của Thành viên HĐQT,,,,,,https://cdn.fiingroup.vn/medialib/127889/I/2024/11/25/16195616139210700_BID.png,,,,,,,2026-08-12T13:56:08
6a7d0ed07f344694df2c2b64,12115077,0,,,,,BID: Thông báo về ngày đăng ký cuối cùng phát hành cổ phiếu để tăng vốn cổ phần từ nguồn vốn chủ sở hữu (quỹ dự trữ bổ sung vốn điều lệ),,,,,,https://cdn.fiingroup.vn/medialib/127889/I/2024/11/25/16195616139210700_BID.png,,,,,,,2026-08-12T09:31:31
6a7677d87f344694df205f06,12109015,0,,,,,BID: Nghị quyết HĐQT về việc phê duyệt phương án phát hành Trái phiếu BIDV theo hình thức riêng lẻ trong năm 2026,,,,,,https://cdn.fiingroup.vn/medialib/127889/I/2024/11/25/16195616139210700_BID.png,,,,,,,2026-08-06T17:32:48
6a73d46235a7497fa7938eee,12106957,0,,,,,BID: Các nội dung liên quan đến phát hành cổ phiếu để tăng vốn điều lệ từ nguồn vốn chủ sở hữu,,,,,,https://cdn.fiingroup.vn/medialib/127889/I/2024/11/25/16195616139210700_BID.png,,,,,,,2026-08-05T16:18:37
6a73d46235a7497fa7938e29,12105355,0,,,,,BID: Các Thông báo của HNX về ngày giao dịch đầu tiên trái phiếu niêm yết của BIDV,,,,,,https://cdn.fiingroup.vn/medialib/127889/I/2024/11/25/16195616139210700_BID.png,,,,,,,2026-08-04T17:19:32
6a73d46235a7497fa7938e34,12105352,0,,,,,BID: Quyết định về việc chấm dứt hoạt động của Trung tâm Dịch vụ Kho quỹ phía Nam,,,,,,https://cdn.fiingroup.vn/medialib/127889/I/2024/11/25/16195616139210700_BID.png,,,,,,,2026-08-04T17:18:23
6a6e8e7f35a7497fa78bf7ae,12101379,0,,,,,BID: Nghị quyết HĐQT số 972 ngày 29/07/2026,,,,,,https://cdn.fiingroup.vn/medialib/127889/I/2024/11/25/16195616139210700_BID.png,,,,,,,2026-07-31T15:47:22
6a6e8e7e35a7497fa78bf757,12101129,0,,,,,BID: Thông báo về giao dịch với bên có liên quan,,,,,,https://cdn.fiingroup.vn/medialib/127889/I/2024/11/25/16195616139210700_BID.png,,,,,,,2026-07-31T13:56:34
6a6e8e7e35a7497fa78bf755,12101130,0,,,,,BID: Báo cáo tình hình Quản trị công ty 6 tháng đầu năm 2026,,,,,,https://cdn.fiingroup.vn/medialib/127889/I/2024/11/25/16195616139210700_BID.png,,,,,,,2026-07-31T13:55:43
6a6beb6a0739e044ed7d7210,12098745,0,,,,,BID: CBTT về giao dịch với bên có liên quan,,,,,,https://cdn.fiingroup.vn/medialib/127889/I/2024/11/25/16195616139210700_BID.png,,,,,,,2026-07-30T13:52:45
6a6beb6a0739e044ed7d7211,12098746,0,,,,,"BID: Báo cáo định kỳ tình hình thanh toán gốc, lãi trái phiếu doanh nghiệp 6 tháng đầu năm 2026",,,,,,https://cdn.fiingroup.vn/medialib/127889/I/2024/11/25/16195616139210700_BID.png,,,,,,,2026-07-30T13:51:13
6a6beb6a0739e044ed7d720a,12098749,0,,,,,BID: Nhận được công văn của UBCKNN về tài liệu báo cáo phát hành CP để tăng vốn cổ phần từ nguồn vốn CSH,,,,,,https://cdn.fiingroup.vn/medialib/127889/I/2024/11/25/16195616139210700_BID.png,,,,,,,2026-07-30T13:48:45
6a6a9a310739e044ed7aa75f,12096279,0,,,,,BID: Các Quyết định của HĐQT về việc chấp thuận niêm yết trái phiếu,,,,,,https://cdn.fiingroup.vn/medialib/127889/I/2024/11/25/16195616139210700_BID.png,,,,,,,2026-07-28T18:04:22
6a69483f0739e044ed78b5cc,12095498,0,,,,,BID: Thông báo về giao dịch với bên có liên quan,,,,,,https://cdn.fiingroup.vn/medialib/127889/I/2024/11/25/16195616139210700_BID.png,,,,,,,2026-07-28T11:12:33
6a67f6d70739e044ed76d6b8,12094021,0,,,,,BID: Thông báo các Quyết định của HNX về việc chấp thuận niêm yết trái phiếu của BID,,,,,,https://cdn.fiingroup.vn/medialib/127889/I/2024/11/25/16195616139210700_BID.png,,,,,,,2026-07-27T14:05:45
6a518d633711162a7e7a2d0f,12076216,0,,,,,BID: Thông báo ngày ĐKCC chi trả cổ tức năm 2025 bằng tiền,,,,,,https://cdn.fiingroup.vn/medialib/127889/I/2024/11/25/16195616139210700_BID.png,,,,,,,2026-07-10T10:53:01
6a503b6a3711162a7e78426d,12075251,0,,,,,BID: HĐQT thông qua nội dung hợp đồng với BIC Bắc Trung Bộ,,,,,,https://cdn.fiingroup.vn/medialib/127889/I/2024/11/25/16195616139210700_BID.png,,,,,,,2026-07-09T15:05:27
6a503b6a3711162a7e784271,12075249,0,,,,,BID: CBTT về giao dịch với bên có liên quan,,,,,,https://cdn.fiingroup.vn/medialib/127889/I/2024/11/25/16195616139210700_BID.png,,,,,,,2026-07-09T15:04:22
6a4d9870279ac17a86f2f380,12072811,0,,,,,BID: Nghị quyết về việc phê duyệt triển khai chi trả cổ tức năm 2025 bằng tiền mặt,,,,,,https://cdn.fiingroup.vn/medialib/127889/I/2024/11/25/16195616139210700_BID.png,,,,,,,2026-07-07T15:42:18
6a4c4767279ac17a86f02ba5,12070808,0,,,,,BID: Quyết định thay đổi địa diểm trụ sở chi nhánh Trung Sơn Thanh Hóa,,,,,,https://cdn.fiingroup.vn/medialib/127889/I/2024/11/25/16195616139210700_BID.png,,,,,,,2026-07-06T13:26:21
6a4c4767279ac17a86f02ba6,12070807,0,,,,,BID: Thông báo Giấy ủy quyền thực hiện công bố thông tin,,,,,,https://cdn.fiingroup.vn/medialib/127889/I/2024/11/25/16195616139210700_BID.png,,,,,,,2026-07-06T13:23:26
6a47017a279ac17a86e8c0aa,12066475,0,,,,,BID: Thông báo quyết định của NHNN về việc bổ sung nội dung hoạt động vào giấy phép thành lập và hoạt động của BID,,,,,,https://cdn.fiingroup.vn/medialib/127889/I/2024/11/25/16195616139210700_BID.png,,,,,,,2026-07-01T17:41:47
6a41bb05279ac17a86dd8ef3,12061855,0,,,,,BID: Quyết định của HĐQT số 843 ngày 26/06/2026,,,,,,https://cdn.fiingroup.vn/medialib/127889/I/2024/11/25/16195616139210700_BID.png,,,,,,,2026-06-26T17:49:53
6a3f185e9befdc913a8e5380,12061636,0,,,,,BID: CBTT về giao dịch với bên có liên quan,,,,,,https://cdn.fiingroup.vn/medialib/127889/I/2024/11/25/16195616139210700_BID.png,,,,,,,2026-06-26T16:00:34
6a3f185e9befdc913a8e5333,12061414,0,,,,,BID: CBTT Quyết định của NHNN về cử người đại diện phần vốn Nhà nước tại BIDV,,,,,,https://cdn.fiingroup.vn/medialib/127889/I/2024/11/25/16195616139210700_BID.png,,,,,,,2026-06-26T14:43:33
6a348c846d26cb7c6df6ed37,12051199,0,,,,,BID: Nghị quyết HĐQT về việc phê duyệt triển khai phương án phát hành cổ phiếu để tăng vốn điều lệ,,,,,,https://cdn.fiingroup.vn/medialib/127889/I/2024/11/25/16195616139210700_BID.png,,,,,,,2026-06-17T17:38:14
6a348c846d26cb7c6df6ed36,12051200,0,,,,,BID: CBTT bầu và bổ nhiệm lãnh đạo cấp cao,,,,,,https://cdn.fiingroup.vn/medialib/127889/I/2024/11/25/16195616139210700_BID.png,,,,,,,2026-06-17T17:36:30
6a333a35e56b40f05370167f,12050970,0,,,,,BID: Quyết định của HĐQT về việc sửa đổi Điều lệ công ty,,,,,,https://cdn.fiingroup.vn/medialib/127889/I/2024/11/25/16195616139210700_BID.png,,,,,,,2026-06-17T14:48:45
6a28ae7168613db18bad07ad,12042004,0,,,,,BID: Thông báo nhận được công văn của NHNN về tăng mức vốn điều lệ của BIDV từ nguồn Quỹ dự trữ bổ sung vốn điều lệ,,,,,,https://cdn.fiingroup.vn/medialib/127889/I/2024/11/25/16195616139210700_BID.png,,,,,,,2026-06-09T17:09:14
6a2217bc62a0328b2d1c8057,12035937,0,,,,,BID: Thông báo thay đổi địa điểm trụ sở Chi nhánh Dịch vụ Ngân quỹ phía Nam,,,,,,https://cdn.fiingroup.vn/medialib/127889/I/2024/11/25/16195616139210700_BID.png,,,,,,,2026-06-03T17:53:00
6a2217bc62a0328b2d1c8064,12036244,0,,,,,BID: Quyết định về việc thay đổi địa điểm trụ sở Chi nhánh Dịch vụ Ngân quỹ phía Nam,,,,,,https://cdn.fiingroup.vn/medialib/127889/I/2024/11/25/16195616139210700_BID.png,,,,,,,2026-06-03T17:53:00
