time,open,high,low,close,volume
2021-07-14,10.05,10.14,9.53,9.56,5212700
2021-07-15,9.56,9.98,9.45,9.76,3272200
2021-07-16,9.94,9.97,9.79,9.82,1930300
2021-07-19,9.62,9.62,9.14,9.14,5202600
2021-07-20,9.21,9.56,9.1,9.56,7650000
2021-07-21,9.62,9.71,9.53,9.59,5750900
2021-07-22,9.59,9.81,9.48,9.81,6179900
2021-07-23,9.65,9.78,9.56,9.56,6293200
2021-07-26,9.42,9.69,9.4,9.53,7083400
2021-07-27,9.68,9.94,9.62,9.88,9483900
2021-07-28,9.82,10.05,9.79,9.91,5651400
2021-07-29,9.95,10.14,9.95,10.05,7422900
2021-07-30,10.14,10.23,10.05,10.14,5460700
2021-08-02,10.05,10.17,9.98,9.98,6590300
2021-08-03,10.0,10.1,9.88,10.01,3921100
2021-08-04,10.05,10.34,10.04,10.17,9425000
2021-08-05,10.29,10.4,10.17,10.4,4879300
2021-08-06,10.46,10.52,10.27,10.29,3867300
2021-08-09,10.23,10.4,10.13,10.4,3632200
2021-08-10,10.49,10.49,10.26,10.43,3413600
2021-08-11,10.49,10.87,10.37,10.72,13559700
2021-08-12,10.69,10.75,10.55,10.55,3106500
2021-08-13,10.32,10.58,10.32,10.55,3475900
2021-08-16,10.55,10.79,10.43,10.75,6804300
2021-08-17,10.97,10.97,10.72,10.82,4819100
2021-08-18,10.81,10.9,10.72,10.79,2954100
2021-08-19,10.74,10.75,10.56,10.63,3203000
2021-08-20,10.63,10.63,9.91,10.14,6442500
2021-08-23,10.03,10.2,9.79,9.79,4981600
2021-08-24,9.78,9.91,9.74,9.87,3121900
2021-08-25,9.87,10.11,9.74,10.11,3063600
2021-08-26,10.14,10.19,9.88,9.88,3452600
2021-08-27,9.75,10.07,9.69,9.85,2387500
2021-08-30,9.94,10.1,9.84,10.04,2214900
2021-08-31,10.05,10.14,9.85,9.88,1914500
2021-09-01,9.85,10.0,9.82,9.91,2358900
2021-09-06,10.1,10.2,9.95,10.08,4847800
2021-09-07,10.11,10.58,10.08,10.55,11320500
2021-09-08,10.58,10.71,10.43,10.46,6472700
2021-09-09,10.46,10.98,10.39,10.95,12528300
2021-09-10,11.01,11.16,10.84,10.84,7832100
2021-09-13,10.87,11.21,10.81,11.04,6969300
2021-09-14,10.9,11.13,10.88,10.9,6127000
2021-09-15,10.87,11.16,10.72,11.08,6953500
2021-09-16,11.16,11.39,11.07,11.2,5226100
2021-09-17,11.24,11.82,11.18,11.82,11835000
2021-09-20,11.88,12.11,11.45,11.62,8941100
2021-09-21,11.47,11.71,11.45,11.59,6615400
2021-09-22,11.68,11.68,11.39,11.62,4172000
2021-09-23,11.72,12.17,11.47,12.04,17971500
2021-09-24,12.08,12.2,11.97,12.05,9113500
2021-09-27,12.08,12.08,11.59,11.59,6183100
2021-09-28,11.45,11.79,11.33,11.79,5440500
2021-09-29,11.68,12.03,11.68,12.0,8107000
2021-09-30,11.91,12.13,11.91,12.05,6327900
2021-10-01,12.13,12.37,12.01,12.34,14912000
2021-10-04,12.4,12.43,12.03,12.17,13232300
2021-10-05,12.26,12.34,12.05,12.31,9289100
2021-10-06,12.31,12.5,12.14,12.26,8403600
2021-10-07,12.3,12.3,12.11,12.17,4681500
2021-10-08,12.37,12.37,12.11,12.21,3133300
2021-10-11,12.2,12.49,12.18,12.49,4961600
2021-10-12,12.52,12.55,12.37,12.37,1868600
2021-10-13,12.31,12.4,12.26,12.29,2308600
2021-10-14,12.23,12.36,12.17,12.26,3529900
2021-10-15,12.34,12.66,12.33,12.62,8141800
2021-10-18,12.69,12.84,12.65,12.75,5380700
2021-10-19,12.72,12.82,12.55,12.72,1757300
2021-10-20,12.89,12.89,12.63,12.78,3448400
2021-10-21,12.74,12.88,12.66,12.66,3518900
2021-10-22,12.68,12.75,12.49,12.52,2608400
2021-10-25,12.52,12.58,12.17,12.17,3636400
2021-10-26,12.14,12.33,12.08,12.31,2109700
2021-10-27,12.45,12.6,12.31,12.55,1765600
2021-10-28,12.6,12.89,12.6,12.87,5366700
2021-10-29,12.87,13.02,12.74,13.0,4835600
2021-11-01,13.0,13.0,12.43,12.58,3171500
2021-11-02,12.6,12.81,12.58,12.69,4763800
2021-11-03,12.69,12.94,12.66,12.81,4896100
2021-11-04,12.81,12.82,12.65,12.68,2000700
2021-11-05,12.78,12.79,12.52,12.6,2881900
2021-11-08,12.71,12.76,12.66,12.69,4557700
2021-11-09,12.75,12.75,12.52,12.58,2345100
2021-11-10,12.52,12.75,12.47,12.75,1869200
2021-11-11,12.75,12.78,12.4,12.46,2416900
2021-11-12,12.49,12.69,12.37,12.6,1388100
2021-11-15,12.81,12.81,12.6,12.74,2505800
2021-11-16,12.75,12.81,12.66,12.66,2533500
2021-11-17,12.75,12.75,12.52,12.53,1572000
2021-11-18,12.5,12.55,12.45,12.45,2206300
2021-11-19,12.43,12.89,12.42,12.6,3155700
2021-11-22,12.75,13.47,12.6,13.47,10239600
2021-11-23,13.76,14.11,13.47,14.11,7755400
2021-11-24,14.11,14.44,13.82,14.23,7302100
2021-11-25,14.34,14.34,13.95,14.26,4304700
2021-11-26,14.23,14.26,13.76,13.76,3319200
2021-11-29,13.47,13.91,13.47,13.68,2410200
2021-11-30,13.88,13.88,12.89,13.07,6316500
2021-12-01,13.04,13.98,12.98,13.98,5480300
2021-12-02,13.92,14.46,13.92,14.02,5754000
2021-12-03,14.17,14.2,13.62,13.62,3624400
2021-12-06,13.5,13.85,13.04,13.62,4309000
2021-12-07,13.73,14.05,13.49,13.85,2257700
2021-12-08,13.94,14.81,13.94,14.81,9186000
2021-12-09,14.81,15.07,14.6,14.84,2544400
2021-12-10,14.84,15.5,14.72,15.07,8180500
2021-12-13,15.07,15.18,14.49,14.63,4682900
2021-12-14,14.49,14.86,14.34,14.63,2339500
2021-12-15,14.66,15.27,14.46,15.07,4599700
2021-12-16,15.27,15.27,14.84,14.84,4016000
2021-12-17,14.89,14.92,14.6,14.86,4365800
2021-12-20,15.26,15.65,15.14,15.57,8238900
2021-12-21,15.45,15.49,15.06,15.18,3634600
2021-12-22,15.06,15.45,14.83,14.87,5929700
2021-12-23,14.87,15.1,13.97,14.36,4598100
2021-12-24,14.32,15.35,14.26,15.35,7855000
2021-12-27,15.49,16.27,15.34,15.94,9038200
2021-12-28,15.84,16.51,15.65,16.45,8593600
2021-12-29,16.45,16.61,16.1,16.18,5365300
2021-12-30,16.1,16.2,15.86,15.94,3226200
2021-12-31,16.04,16.57,16.04,16.06,3726100
2022-01-04,16.23,16.92,16.16,16.72,11034900
2022-01-05,16.63,16.72,16.39,16.43,3828100
2022-01-06,16.16,16.82,16.16,16.43,5190400
2022-01-07,16.37,16.59,16.04,16.04,4150700
2022-01-10,16.04,16.41,15.82,15.82,4219100
2022-01-11,15.8,16.23,15.65,15.73,4830300
2022-01-12,15.73,16.82,15.65,16.82,18620300
2022-01-13,16.94,17.21,16.47,16.49,17622800
2022-01-14,16.31,16.65,16.27,16.39,5566400
2022-01-17,16.27,16.51,15.73,15.73,9068700
2022-01-18,15.49,15.75,15.16,15.22,9953400
2022-01-19,15.1,15.77,15.1,15.37,6653400
2022-01-20,15.37,15.78,15.35,15.49,7434600
2022-01-21,15.51,16.04,15.51,15.65,8225000
2022-01-24,15.65,15.84,14.55,14.77,6820100
2022-01-25,14.75,15.65,14.75,15.55,8957900
2022-01-26,15.65,15.86,15.34,15.34,10946400
2022-01-27,15.41,15.84,15.34,15.73,7264800
2022-01-28,15.71,16.55,15.65,16.41,15526500
2022-02-07,16.55,16.67,16.16,16.31,5806800
2022-02-08,16.37,16.59,16.16,16.43,5776900
2022-02-09,16.39,16.57,16.2,16.23,5316900
2022-02-10,16.35,16.35,15.96,16.12,3954300
2022-02-11,16.04,16.8,15.96,16.76,15984500
2022-02-14,16.43,16.76,15.65,15.65,7405700
2022-02-15,16.04,16.06,15.73,15.94,3153900
2022-02-16,16.02,16.08,15.78,15.8,2879600
2022-02-17,15.8,16.1,15.77,16.1,3081100
2022-02-18,15.84,16.12,15.84,15.96,3759900
2022-02-21,15.84,16.0,15.69,16.0,3924200
2022-02-22,15.86,16.23,15.8,16.23,8309400
2022-02-23,16.23,16.9,16.22,16.67,16076300
2022-02-24,16.43,16.59,15.77,16.14,4957200
2022-02-25,16.31,16.72,16.16,16.41,10795200
2022-02-28,16.35,16.63,16.04,16.53,5548200
2022-03-01,16.51,16.9,16.39,16.74,11884800
2022-03-02,16.61,16.94,16.08,16.22,8271600
2022-03-03,16.27,16.53,16.08,16.23,4590700
2022-03-04,16.08,16.33,15.84,15.94,5107000
2022-03-07,15.8,15.82,15.06,15.26,10005000
2022-03-08,15.18,15.65,15.0,15.18,5092700
2022-03-09,15.2,15.39,15.18,15.18,2653800
2022-03-10,15.57,15.57,15.24,15.26,2043100
2022-03-11,15.14,15.45,15.08,15.12,2509400
2022-03-14,15.06,15.45,15.06,15.34,2160600
2022-03-15,15.34,15.77,15.3,15.61,8713700
2022-03-16,15.63,15.8,15.51,15.55,2937800
2022-03-17,15.67,15.8,15.49,15.49,3131300
2022-03-18,15.61,15.65,15.43,15.45,1622300
2022-03-21,15.47,15.77,15.47,15.61,3849800
2022-03-22,15.61,16.0,15.59,15.84,6367200
2022-03-23,15.84,16.06,15.65,15.67,4207000
2022-03-24,15.67,15.75,15.57,15.69,2951000
2022-03-25,15.88,15.88,15.61,15.61,2187700
2022-03-28,15.59,15.73,15.2,15.43,2993800
2022-03-29,15.43,15.84,15.43,15.77,4909800
2022-03-30,15.77,16.02,15.57,15.65,5350100
2022-03-31,15.77,15.96,15.69,15.71,2433800
2022-04-01,15.71,16.25,15.65,16.14,11121000
2022-04-04,16.31,16.35,16.08,16.14,6600400
2022-04-05,16.04,16.25,15.92,15.96,4682200
2022-04-06,15.92,16.2,15.73,16.1,6695600
2022-04-07,16.18,16.31,15.92,16.04,8696600
2022-04-08,16.0,16.12,15.73,15.73,3486300
2022-04-12,15.77,15.82,14.89,14.89,3022200
2022-04-13,15.12,15.73,14.89,15.65,5941400
2022-04-14,15.65,15.65,15.26,15.28,2541800
2022-04-15,15.3,15.37,14.61,14.61,5117800
2022-04-18,14.79,14.98,14.47,14.83,3139300
2022-04-19,14.83,14.9,14.16,14.16,1927100
2022-04-20,14.4,14.51,13.89,13.89,3759500
2022-04-21,13.93,14.2,13.34,13.61,3722600
2022-04-22,13.71,14.08,13.61,13.77,2544600
2022-04-25,13.81,13.97,12.81,13.5,3408500
2022-04-26,13.3,13.71,12.67,13.67,3801700
2022-04-27,13.67,13.69,13.09,13.61,2244300
2022-04-28,13.65,13.65,13.14,13.14,1822600
2022-04-29,13.14,13.48,12.99,13.14,3022600
2022-05-04,13.14,13.18,12.52,12.52,1643600
2022-05-05,12.71,13.38,12.71,13.38,7805500
2022-05-06,13.14,13.48,13.01,13.14,2046700
2022-05-09,12.83,13.24,12.28,12.36,2197900
2022-05-10,12.13,13.14,11.93,13.03,5931000
2022-05-11,13.03,13.09,12.44,13.09,3606600
2022-05-12,12.91,13.03,12.19,12.36,2322400
2022-05-13,12.52,12.52,11.5,11.74,3558200
2022-05-16,12.13,12.36,11.81,12.13,2422200
2022-05-17,12.13,12.93,11.93,12.91,3919900
2022-05-18,12.95,13.34,12.6,12.6,3950000
2022-05-19,12.3,12.58,12.03,12.19,1963400
2022-05-20,12.48,12.6,12.21,12.28,2095800
2022-05-23,12.48,12.56,11.7,11.74,2555000
2022-05-24,11.81,12.11,11.81,12.09,1674200
2022-05-25,12.11,12.52,12.09,12.48,4540800
2022-05-26,12.48,12.5,12.3,12.36,1314300
2022-05-27,12.36,12.83,12.32,12.64,4877200
2022-05-30,12.67,12.95,12.58,12.91,5396700
2022-05-31,12.91,12.93,12.66,12.66,2721700
2022-06-01,12.58,12.79,12.32,12.52,1734700
2022-06-02,12.52,12.52,12.21,12.52,3017400
2022-06-03,12.42,12.52,12.21,12.46,1206700
2022-06-06,12.44,12.46,11.85,12.01,2785800
2022-06-07,12.01,12.01,11.54,11.58,2127800
2022-06-08,11.62,12.13,11.62,11.83,3549200
2022-06-09,11.83,11.87,11.74,11.76,1929100
2022-06-10,11.7,11.97,11.62,11.62,1371900
2022-06-13,11.42,11.42,10.82,10.82,3791000
2022-06-14,10.76,10.76,10.17,10.37,4019300
2022-06-15,10.37,10.45,9.7,10.39,3493100
2022-06-16,10.45,10.64,10.27,10.48,2916700
2022-06-17,10.17,10.33,9.78,9.98,3209900
2022-06-20,9.96,10.23,9.8,9.8,3691400
2022-06-21,9.76,10.25,9.76,10.03,3071400
2022-06-22,10.03,10.37,10.03,10.25,1667200
2022-06-23,10.25,10.37,10.05,10.37,1838200
2022-06-24,10.37,10.43,10.17,10.17,906300
2022-06-27,10.17,10.62,10.17,10.45,1953200
2022-06-28,10.72,10.95,10.54,10.8,2059500
2022-06-29,10.6,11.07,10.6,10.72,1929300
2022-06-30,10.64,10.95,10.62,10.62,1757700
2022-07-01,10.62,10.8,10.33,10.68,898800
2022-07-04,10.68,10.88,10.64,10.68,575300
2022-07-05,10.76,10.93,10.58,10.76,2314300
2022-07-06,10.68,10.88,10.33,10.54,1497300
2022-07-07,10.45,10.82,10.45,10.74,1466500
2022-07-08,10.76,10.89,10.56,10.6,1153300
2022-07-11,10.56,10.6,10.17,10.17,1301000
2022-07-12,10.19,10.46,10.19,10.45,629500
2022-07-13,10.45,10.76,10.19,10.43,1522200
2022-07-14,10.39,10.58,10.37,10.52,678000
2022-07-15,10.56,10.76,10.56,10.6,1418200
2022-07-18,10.7,10.76,10.62,10.66,1343100
2022-07-19,10.68,10.68,10.46,10.62,807800
2022-07-20,10.76,11.15,10.64,11.13,3076300
2022-07-21,11.17,11.21,10.97,11.07,2614000
2022-07-22,11.07,11.21,10.93,10.97,2447800
2022-07-25,10.78,10.91,10.68,10.72,1365400
2022-07-26,10.76,10.8,10.56,10.56,1261300
2022-07-27,10.56,10.6,10.37,10.54,1623200
2022-07-28,10.58,10.88,10.58,10.64,2373300
2022-07-29,10.8,10.8,10.41,10.41,3021600
2022-08-01,10.6,10.74,10.58,10.66,1942000
2022-08-02,10.68,10.88,10.68,10.82,2302300
2022-08-03,10.76,10.99,10.68,10.95,2573400
2022-08-04,11.15,11.42,11.05,11.27,5311300
2022-08-05,11.31,11.42,11.15,11.27,1921300
2022-08-08,11.25,11.4,11.09,11.17,2285100
2022-08-09,11.33,11.33,11.11,11.19,2334000
2022-08-10,11.23,11.23,11.05,11.07,1904100
2022-08-11,11.21,11.38,11.05,11.15,2561900
2022-08-12,11.21,11.21,11.09,11.19,1013100
2022-08-15,11.33,11.46,11.23,11.33,3271800
2022-08-16,11.34,11.36,11.25,11.29,1398100
2022-08-17,11.29,11.33,11.23,11.23,1323000
2022-08-18,11.23,11.27,11.07,11.23,2094800
2022-08-19,11.27,11.27,11.07,11.11,1464800
2022-08-22,11.05,11.07,10.86,10.91,1455600
2022-08-23,10.76,10.95,10.76,10.95,1225800
2022-08-24,10.95,11.05,10.93,10.99,1183300
2022-08-25,11.13,11.31,11.01,11.27,1687100
2022-08-26,11.29,11.31,11.09,11.11,1359300
2022-08-29,10.95,10.99,10.6,10.84,2031300
2022-08-30,10.95,11.03,10.84,10.91,821500
2022-08-31,10.91,11.01,10.78,10.95,585300
2022-09-05,11.15,11.15,10.86,10.95,1827200
2022-09-06,11.01,11.01,10.82,10.95,1348000
2022-09-07,10.88,10.91,10.68,10.68,1754000
2022-09-08,10.7,10.72,10.52,10.52,1410600
2022-09-09,10.68,10.68,10.41,10.56,935700
2022-09-12,10.56,10.6,10.48,10.54,828599
2022-09-13,10.6,10.6,10.46,10.5,773332
2022-09-14,10.37,10.48,10.27,10.39,956169
2022-09-15,10.43,10.7,10.37,10.39,800110
2022-09-16,10.37,10.5,10.29,10.29,867879
2022-09-19,10.29,10.29,9.66,9.78,1440519
2022-09-20,9.94,9.94,9.74,9.94,891679
2022-09-21,9.78,9.94,9.78,9.88,676786
2022-09-22,9.78,9.92,9.7,9.92,605778
2022-09-23,9.92,9.94,9.78,9.8,1060462
2022-09-26,9.66,9.74,9.27,9.74,1899725
2022-09-27,9.7,9.74,9.39,9.74,1142409
2022-09-28,9.49,9.68,9.19,9.64,1534557
2022-09-29,9.66,9.78,9.47,9.66,983968
2022-09-30,9.58,9.82,9.37,9.78,2075563
2022-10-03,9.82,9.82,9.15,9.33,1604080
2022-10-04,9.35,9.55,9.29,9.31,959173
2022-10-05,9.39,9.45,9.29,9.39,1213932
2022-10-06,9.35,9.47,9.0,9.39,3201701
2022-10-07,9.02,9.06,8.74,8.74,2060296
2022-10-10,8.14,8.49,8.14,8.14,2389500
2022-10-11,7.57,7.82,7.57,7.57,8999630
2022-10-12,7.16,8.02,7.16,8.02,4643791
2022-10-13,8.02,8.06,7.71,8.06,3781791
2022-10-14,8.2,8.23,7.94,8.06,2178844
2022-10-17,7.86,8.06,7.59,8.06,4157867
2022-10-18,8.1,8.2,7.98,8.06,2525246
2022-10-19,8.1,8.1,7.84,8.04,1715823
2022-10-20,7.94,8.08,7.82,8.06,1713554
2022-10-21,8.06,8.14,7.57,7.86,2779325
2022-10-24,7.86,7.88,7.32,7.88,3262389
2022-10-25,7.71,8.08,7.55,7.88,3235196
2022-10-26,7.9,8.0,7.75,7.82,1129662
2022-10-27,7.8,8.22,7.77,8.22,4337901
2022-10-28,8.29,8.41,8.08,8.16,2785626
2022-10-31,8.22,8.22,7.94,8.1,2828416
2022-11-01,8.22,8.65,8.18,8.53,5885447
2022-11-02,8.53,8.8,8.43,8.43,4003267
2022-11-03,8.35,8.65,8.16,8.31,3799603
2022-11-04,8.22,8.33,7.75,8.33,7373867
2022-11-07,8.39,8.39,7.82,7.86,2522145
2022-11-08,7.71,8.1,7.63,8.02,4239349
2022-11-09,8.1,8.22,7.86,7.9,2800095
2022-11-10,7.84,7.86,7.43,7.78,2993920
2022-11-11,8.02,8.02,7.51,7.78,3738739
2022-11-14,7.63,7.73,7.45,7.71,3213445
2022-11-15,7.59,7.78,7.18,7.78,5347443
2022-11-16,7.34,8.22,7.28,8.16,5538959
2022-11-17,8.33,8.41,8.0,8.16,5230443
2022-11-18,8.06,8.18,7.88,8.06,2041765
2022-11-21,8.1,8.1,7.82,8.06,3200388
2022-11-22,8.02,8.29,7.88,8.08,5490108
2022-11-23,7.96,8.14,7.78,7.82,2889847
2022-11-24,7.86,7.92,7.51,7.82,4812983
2022-11-25,7.9,7.96,7.73,7.94,3035692
2022-11-28,8.02,8.33,7.84,8.22,12704595
2022-11-29,8.33,8.45,8.1,8.41,9287703
2022-11-30,8.49,8.8,8.16,8.61,12994213
2022-12-01,8.74,8.9,8.45,8.53,15160792
2022-12-02,8.41,8.92,8.29,8.92,8250994
2022-12-05,9.08,9.39,8.98,9.06,16151858
2022-12-06,9.0,9.06,8.45,8.45,11607702
2022-12-07,8.41,8.53,8.12,8.2,8894207
2022-12-08,8.35,8.76,8.14,8.61,20800040
2022-12-09,8.68,9.0,8.53,8.8,13275657
2022-12-12,8.9,9.08,8.72,8.96,14482587
2022-12-13,8.84,9.0,8.8,9.0,9695859
2022-12-14,9.15,9.15,8.84,8.92,5662958
2022-12-15,8.86,9.23,8.8,9.0,13101154
2022-12-16,8.9,9.21,8.8,9.0,4769891
2022-12-19,8.98,9.11,8.8,8.8,7145498
2022-12-20,8.78,8.78,8.31,8.61,9975295
2022-12-21,8.7,8.76,8.39,8.45,3514365
2022-12-22,8.57,8.8,8.45,8.74,6223963
2022-12-23,8.76,8.76,8.55,8.61,2280883
2022-12-26,8.55,8.65,8.06,8.22,3118194
2022-12-27,8.04,8.33,8.04,8.23,2796949
2022-12-28,8.23,8.39,8.08,8.37,2828431
2022-12-29,8.41,8.43,8.29,8.37,3162508
2022-12-30,8.43,8.43,8.23,8.23,3246447
2023-01-03,8.23,8.57,8.23,8.57,2333350
2023-01-04,8.67,8.74,8.47,8.61,4383781
2023-01-05,8.61,8.92,8.55,8.82,7504260
2023-01-06,8.82,9.04,8.72,8.8,5806560
2023-01-09,8.82,8.98,8.72,8.8,4156802
2023-01-10,8.92,8.92,8.72,8.8,2905092
2023-01-11,8.76,8.94,8.74,8.78,5230431
2023-01-12,8.84,8.84,8.7,8.76,2067274
2023-01-13,8.8,8.82,8.68,8.76,4921044
2023-01-16,8.76,8.8,8.61,8.61,2963120
2023-01-17,8.68,9.0,8.65,9.0,13157017
2023-01-18,9.02,9.31,9.02,9.23,10093531
2023-01-19,9.15,9.45,9.1,9.39,13449205
2023-01-27,9.51,9.7,9.39,9.58,12822815
2023-01-30,9.58,9.58,9.31,9.35,8373452
2023-01-31,9.37,9.78,9.17,9.78,16662021
2023-02-01,9.78,9.94,9.11,9.27,14497938
2023-02-02,9.31,9.43,9.19,9.35,8034481
2023-02-03,9.39,9.39,9.21,9.39,5938923
2023-02-06,9.31,9.47,9.29,9.43,4564035
2023-02-07,9.47,9.76,9.41,9.55,17626114
2023-02-08,9.74,9.74,9.55,9.62,6008968
2023-02-09,9.58,9.84,9.49,9.49,10388630
2023-02-10,9.49,9.58,9.21,9.21,4093777
2023-02-13,9.21,9.27,8.9,9.0,4327415
2023-02-14,9.15,9.23,9.11,9.19,2690267
2023-02-15,9.21,9.53,9.17,9.31,6781877
2023-02-16,9.35,9.39,9.25,9.39,3655695
2023-02-17,9.43,9.43,9.27,9.33,4452854
2023-02-20,9.33,9.62,9.31,9.62,8702102
2023-02-21,9.66,9.82,9.51,9.7,11405901
2023-02-22,9.58,9.62,9.21,9.21,4054871
2023-02-23,9.27,9.39,9.11,9.39,4540521
2023-02-24,9.39,9.47,9.19,9.19,2353336
2023-02-27,9.11,9.23,9.02,9.1,3120503
2023-02-28,9.15,9.23,9.11,9.11,2093625
2023-03-01,9.1,9.43,9.04,9.39,4259498
2023-03-02,9.39,9.47,9.31,9.31,2697318
2023-03-03,9.31,9.41,9.15,9.15,2869690
2023-03-06,9.23,9.37,9.17,9.17,2322691
2023-03-07,9.27,9.31,9.15,9.19,1779033
2023-03-08,9.15,9.39,9.11,9.37,5406304
2023-03-09,9.39,9.6,9.35,9.58,7713211
2023-03-10,9.47,9.56,9.35,9.39,2711834
2023-03-13,9.27,9.62,9.25,9.51,6635979
2023-03-14,9.56,9.56,9.33,9.47,6715992
2023-03-15,9.62,9.82,9.51,9.64,9041560
2023-03-16,9.6,9.74,9.53,9.64,3008474
2023-03-17,9.64,9.98,9.64,9.9,10698140
2023-03-20,9.9,9.9,9.38,9.38,3895355
2023-03-21,9.46,9.53,9.31,9.38,2205946
2023-03-22,9.42,9.62,9.42,9.46,3282085
2023-03-23,9.46,9.62,9.42,9.57,2587221
2023-03-24,9.57,9.64,9.51,9.55,2493617
2023-03-27,9.57,9.66,9.51,9.51,2417223
2023-03-28,9.55,9.64,9.48,9.48,2008291
2023-03-29,9.55,9.55,9.44,9.51,1441375
2023-03-30,9.55,9.64,9.51,9.62,2721464
2023-03-31,9.59,9.68,9.59,9.64,2387138
2023-04-03,9.77,9.9,9.66,9.88,8218357
2023-04-04,9.94,9.94,9.75,9.81,3620230
2023-04-05,9.83,9.88,9.68,9.85,5449287
2023-04-06,9.85,10.14,9.81,10.03,10311195
2023-04-07,9.94,10.11,9.92,10.03,4469745
2023-04-10,10.11,10.2,9.9,10.03,7617514
2023-04-11,9.96,10.09,9.83,10.03,2704196
2023-04-12,10.03,10.11,9.94,10.03,3844800
2023-04-13,10.16,10.16,10.03,10.07,2531229
2023-04-14,10.07,10.33,10.07,10.07,7235840
2023-04-17,10.07,10.07,9.9,9.98,1630746
2023-04-18,9.9,10.11,9.81,9.9,1700541
2023-04-19,9.9,9.98,9.7,9.7,1858990
2023-04-20,9.7,9.81,9.66,9.72,952156
2023-04-21,9.72,10.01,9.72,9.79,2605357
2023-04-24,9.77,10.01,9.77,9.92,4773916
2023-04-25,9.92,9.94,9.81,9.88,1385612
2023-04-26,9.83,10.05,9.77,9.98,4375876
2023-04-27,10.03,10.09,9.96,10.01,1875119
2023-04-28,10.01,10.33,9.98,10.33,8038300
2023-05-04,10.33,10.33,10.18,10.24,1874368
2023-05-05,10.2,10.29,10.01,10.14,2077234
2023-05-08,10.11,10.22,10.01,10.09,2834392
2023-05-09,10.09,10.29,10.09,10.22,3221528
2023-05-10,10.24,10.37,10.11,10.31,4226138
2023-05-11,10.33,10.35,10.16,10.24,1383896
2023-05-12,10.27,10.27,10.14,10.22,1785435
2023-05-15,10.24,10.5,10.2,10.37,10105598
2023-05-16,10.37,10.4,10.24,10.35,1727269
2023-05-17,10.37,10.4,10.09,10.09,1959863
2023-05-18,10.11,10.29,10.11,10.16,1266222
2023-05-19,10.24,10.24,10.07,10.18,1117353
2023-05-22,10.35,10.42,10.2,10.33,4991543
2023-05-23,10.29,10.46,10.29,10.29,4101523
2023-05-24,10.37,10.4,10.2,10.2,1902828
2023-05-25,10.24,10.29,10.11,10.16,987937
2023-05-26,10.29,10.29,10.16,10.27,1359868
2023-05-29,10.4,10.61,10.29,10.55,6815461
2023-05-30,10.66,10.66,10.37,10.46,2891753
2023-05-31,10.61,10.94,10.53,10.85,11087140
2023-06-01,10.98,11.35,10.85,11.35,13566630
2023-06-02,11.18,11.66,11.18,11.42,12080730
2023-06-05,11.94,11.94,11.29,11.33,9603592
2023-06-06,11.33,11.44,11.09,11.2,10017781
2023-06-07,11.29,11.44,11.18,11.39,9306637
2023-06-08,11.44,11.44,11.11,11.11,7733193
2023-06-09,11.3,11.48,11.18,11.27,7733809
2023-06-12,11.33,11.33,11.03,11.12,2669072
2023-06-13,11.18,11.18,10.97,10.97,3061892
2023-06-14,11.0,11.15,10.97,10.97,3722910
2023-06-15,11.0,11.0,10.91,10.97,2762507
2023-06-16,10.97,11.12,10.97,11.0,4861584
2023-06-19,11.03,11.06,10.94,11.06,1546332
2023-06-20,11.06,11.09,10.97,11.03,2287320
2023-06-21,11.06,11.12,11.03,11.12,4234535
2023-06-22,11.24,11.33,11.12,11.12,5295375
2023-06-23,11.15,11.27,11.09,11.18,6150470
2023-06-26,11.21,11.27,11.03,11.15,3353412
2023-06-27,11.15,11.18,11.03,11.12,2755396
2023-06-28,11.12,11.15,11.06,11.15,3334307
2023-06-29,11.18,11.18,10.94,10.94,3937347
2023-06-30,10.94,10.97,10.88,10.88,2646567
2023-07-03,11.03,11.03,10.91,10.97,2904706
2023-07-04,11.0,11.03,10.94,10.97,1809105
2023-07-05,11.0,11.03,10.94,10.94,3936273
2023-07-06,10.94,11.0,10.88,11.0,4456046
2023-07-07,10.91,11.0,10.85,10.91,4773277
2023-07-10,10.94,11.03,10.88,11.0,5910499
2023-07-11,11.06,11.24,11.0,11.06,8870114
2023-07-12,11.12,11.12,10.97,10.97,3911153
2023-07-13,11.0,11.06,10.94,11.03,4697336
2023-07-14,11.03,11.06,10.91,10.97,3864302
2023-07-17,10.97,11.03,10.94,11.03,4233459
2023-07-18,11.03,11.45,11.0,11.45,24821321
2023-07-19,11.48,11.54,11.27,11.3,9355940
2023-07-20,11.3,11.36,11.12,11.36,11174363
2023-07-21,11.3,11.45,11.24,11.33,9112052
2023-07-24,11.3,11.36,11.15,11.27,7045839
2023-07-25,11.27,11.63,11.24,11.48,13361374
2023-07-26,11.48,11.48,11.3,11.36,6636529
2023-07-27,11.36,11.39,11.12,11.21,6664965
2023-07-28,11.18,11.36,11.15,11.3,7182079
2023-07-31,11.27,11.39,11.24,11.33,5201548
2023-08-01,11.36,11.63,11.33,11.36,14484569
2023-08-02,11.33,11.48,11.3,11.42,6637422
2023-08-03,11.42,11.48,11.12,11.15,6911097
2023-08-04,11.24,11.48,11.15,11.45,12271753
2023-08-07,11.48,11.75,11.45,11.66,17755159
2023-08-08,11.72,11.72,11.45,11.48,6318090
2023-08-09,11.51,11.54,11.33,11.39,5499014
2023-08-10,11.39,11.42,11.15,11.18,5801849
2023-08-11,11.21,11.27,11.03,11.27,5342544
2023-08-14,11.27,11.3,11.18,11.27,5489663
2023-08-15,11.3,11.57,11.21,11.48,12077448
2023-08-16,11.48,11.57,11.36,11.54,8498716
2023-08-17,11.54,11.57,11.36,11.39,5852301
2023-08-18,11.33,11.36,10.88,10.94,11569243
2023-08-21,11.06,11.24,10.91,11.18,8200962
2023-08-22,11.12,11.24,11.0,11.21,4105984
2023-08-23,11.27,11.27,11.09,11.18,5562659
2023-08-24,11.18,11.42,11.09,11.36,10071220
2023-08-25,11.3,11.39,11.24,11.39,3739298
2023-08-28,11.45,11.51,11.36,11.48,7209299
2023-08-29,11.48,11.54,11.39,11.48,6938674
2023-08-30,11.48,11.81,11.48,11.81,22004414
2023-08-31,11.87,11.9,11.69,11.84,5943375
2023-09-05,11.9,11.99,11.84,11.87,9233621
2023-09-06,11.87,11.93,11.57,11.93,11953366
2023-09-07,11.96,12.15,11.81,11.87,16385746
2023-09-08,11.87,11.9,11.72,11.72,6027774
2023-09-11,11.78,11.84,11.42,11.45,10193226
2023-09-12,11.45,11.6,11.36,11.6,9028399
2023-09-13,11.63,11.69,11.45,11.63,5527774
2023-09-14,11.63,11.78,11.48,11.48,5654954
2023-09-15,11.6,11.66,11.51,11.6,4834829
2023-09-18,11.6,11.6,11.36,11.45,5315824
2023-09-19,11.36,11.54,11.33,11.51,6067311
2023-09-20,11.45,11.84,11.39,11.78,14288894
2023-09-21,11.78,11.81,11.51,11.51,5546570
2023-09-22,11.39,11.45,11.09,11.21,8919499
2023-09-25,11.21,11.3,10.88,10.88,6151606
2023-09-26,10.88,11.03,10.7,10.7,7205172
2023-09-27,10.7,10.79,10.51,10.76,5753983
2023-09-28,10.76,10.94,10.42,10.91,6391686
2023-09-29,10.91,10.94,10.76,10.79,3985833
2023-10-02,10.79,10.82,10.57,10.57,4169925
2023-10-03,10.51,10.51,10.09,10.09,7815486
2023-10-04,9.97,10.27,9.97,10.03,3544218
2023-10-05,10.21,10.21,9.97,10.0,3338911
2023-10-06,10.0,10.18,9.97,10.15,4443068
2023-10-09,10.15,10.3,10.09,10.18,4909438
2023-10-10,10.27,10.27,10.12,10.12,4295187
2023-10-11,10.15,10.18,10.06,10.12,3219715
2023-10-12,10.18,10.39,10.12,10.39,5225264
2023-10-13,10.27,10.48,10.24,10.42,7510640
2023-10-16,10.39,10.39,10.12,10.15,4727722
2023-10-17,10.15,10.24,9.97,9.97,3430612
2023-10-18,10.0,10.03,9.64,9.82,5441532
2023-10-19,9.82,9.85,9.7,9.76,2474668
2023-10-20,9.73,10.0,9.73,9.97,2687532
2023-10-23,9.97,10.12,9.88,9.94,4556885
2023-10-24,9.97,10.18,9.94,10.15,4262188
2023-10-25,10.15,10.21,10.03,10.12,4186043
2023-10-26,9.91,10.03,9.46,9.67,6942761
2023-10-27,9.67,9.85,9.61,9.79,2255518
2023-10-30,9.79,9.88,9.67,9.67,4289663
2023-10-31,9.73,9.73,9.55,9.55,2936880
2023-11-01,9.64,9.64,9.43,9.55,3184883
2023-11-02,9.7,10.09,9.7,9.91,7606127
2023-11-03,10.03,10.06,9.7,9.7,5737264
2023-11-06,9.94,10.12,9.79,10.03,4382632
2023-11-07,9.97,10.12,9.94,10.0,3708947
2023-11-08,10.0,10.57,9.97,10.42,8612907
2023-11-09,10.48,10.54,10.3,10.33,5485926
2023-11-10,10.27,10.45,10.21,10.27,5917888
2023-11-13,10.27,10.42,10.21,10.42,4234952
2023-11-14,10.57,10.79,10.42,10.51,12506923
2023-11-15,10.54,10.82,10.51,10.7,9716888
2023-11-16,10.63,10.63,10.42,10.57,5220788
2023-11-17,10.57,10.66,10.21,10.27,7433829
2023-11-20,10.09,10.51,10.06,10.39,4723035
2023-11-21,10.39,10.51,10.27,10.3,2617136
2023-11-22,10.3,10.39,10.27,10.33,2305512
2023-11-23,10.39,10.51,10.27,10.27,6956587
2023-11-24,10.3,10.3,10.12,10.27,3550391
2023-11-27,10.24,10.27,10.06,10.06,3115183
2023-11-28,10.06,10.18,9.97,10.12,2506689
2023-11-29,10.12,10.24,10.09,10.18,2468113
2023-11-30,10.12,10.33,10.12,10.27,8678015
2023-12-01,10.3,10.36,10.18,10.33,9187846
2023-12-04,10.36,10.54,10.33,10.39,11161978
2023-12-05,10.42,10.42,10.3,10.3,4491908
2023-12-06,10.33,10.63,10.3,10.54,14005355
2023-12-07,10.57,10.63,10.42,10.6,15079464
2023-12-08,10.57,10.7,10.51,10.54,4737848
2023-12-11,10.54,10.6,10.48,10.48,4331665
2023-12-12,10.51,10.54,10.42,10.48,2416307
2023-12-13,10.51,10.51,10.27,10.27,3335319
2023-12-14,10.33,10.39,10.18,10.21,3330261
2023-12-15,10.27,10.3,10.18,10.24,3380612
2023-12-18,10.21,10.27,10.12,10.21,3077529
2023-12-19,10.15,10.27,10.12,10.27,2429238
2023-12-20,10.21,10.27,10.18,10.21,2825458
2023-12-21,10.21,10.21,10.09,10.21,2097571
2023-12-22,10.21,10.24,10.12,10.21,2374078
2023-12-25,10.21,10.33,10.21,10.3,2548254
2023-12-26,10.33,10.33,10.24,10.27,2030227
2023-12-27,10.27,10.48,10.27,10.48,5357747
2023-12-28,10.45,10.48,10.36,10.45,3899546
2023-12-29,10.51,10.54,10.42,10.51,3048145
2024-01-02,10.54,10.57,10.42,10.45,6972007
2024-01-03,10.42,10.54,10.33,10.54,7156654
2024-01-04,10.57,11.0,10.51,10.82,30604262
2024-01-05,10.82,10.97,10.73,10.88,11027926
2024-01-08,11.0,11.0,10.76,10.85,10135587
2024-01-09,10.88,10.91,10.7,10.73,10505693
2024-01-10,10.76,11.24,10.73,11.18,24221574
2024-01-11,11.18,11.48,11.09,11.18,18119563
2024-01-12,11.09,11.36,10.97,11.21,18903546
2024-01-15,11.33,11.36,11.06,11.06,6965814
2024-01-16,11.0,11.24,11.0,11.24,9335413
2024-01-17,11.21,11.3,11.09,11.09,7455094
2024-01-18,11.09,11.15,11.0,11.15,5370589
2024-01-19,11.15,11.27,11.12,11.24,5652900
2024-01-22,11.24,11.3,11.15,11.27,8799064
2024-01-23,11.27,11.36,11.18,11.24,9422714
2024-01-24,11.21,11.21,11.03,11.06,9179066
2024-01-25,11.06,11.06,10.97,10.97,5631807
2024-01-26,11.0,11.18,10.97,11.06,3899828
2024-01-29,11.06,11.12,10.97,10.97,2948966
2024-01-30,10.97,11.15,10.97,11.06,7023878
2024-01-31,11.15,11.15,10.76,10.79,8858005
2024-02-01,10.79,10.91,10.76,10.79,5057592
2024-02-02,10.82,10.85,10.57,10.57,9175641
2024-02-05,10.57,11.03,10.57,10.97,18714346
2024-02-06,11.03,11.09,10.94,10.94,9957893
2024-02-07,10.94,11.24,10.94,11.18,14678695
2024-02-15,11.27,11.57,11.24,11.39,25902501
2024-02-16,11.42,11.51,11.36,11.42,14364194
2024-02-19,11.42,11.45,11.27,11.36,8782998
2024-02-20,11.33,11.39,11.27,11.33,9315850
2024-02-21,11.33,11.78,11.21,11.78,31800025
2024-02-22,11.78,11.93,11.6,11.81,15647874
2024-02-23,11.84,12.15,11.54,11.54,43609529
2024-02-26,11.51,11.66,11.45,11.57,8203673
2024-02-27,11.57,11.66,11.39,11.57,15272359
2024-02-28,11.63,12.08,11.54,12.08,25604492
2024-02-29,12.08,12.24,11.9,11.99,30163480
2024-03-01,11.99,12.05,11.81,11.99,14285287
2024-03-04,12.02,12.05,11.78,11.84,15044312
2024-03-05,11.84,11.84,11.66,11.72,12297029
2024-03-06,11.72,11.87,11.54,11.6,10019615
2024-03-07,11.69,11.69,11.57,11.63,9138978
2024-03-08,11.63,11.66,11.24,11.24,22069265
2024-03-11,11.21,11.36,11.12,11.18,11039443
2024-03-12,11.18,11.3,11.15,11.18,7981563
2024-03-13,11.18,11.48,11.15,11.48,7645139
2024-03-14,11.48,11.51,11.24,11.33,7678563
2024-03-15,11.3,11.48,11.15,11.36,9001479
2024-03-18,11.48,11.48,10.7,11.06,13706020
2024-03-19,11.06,11.12,11.0,11.0,4383580
2024-03-20,11.0,11.33,10.85,11.24,15981272
2024-03-21,11.36,11.39,11.18,11.33,9185199
2024-03-22,11.36,11.63,11.27,11.33,17972329
2024-03-25,11.36,11.63,11.3,11.48,17585868
2024-03-26,11.48,11.6,11.42,11.57,10845104
2024-03-27,11.6,11.63,11.48,11.6,6032387
2024-03-28,11.72,11.78,11.48,11.54,10136151
2024-03-29,11.6,11.6,11.48,11.54,5777111
2024-04-01,11.48,11.51,11.27,11.33,10022082
2024-04-02,11.27,11.39,11.06,11.39,10361316
2024-04-03,11.36,11.36,11.15,11.18,8205356
2024-04-04,11.18,11.21,11.06,11.12,11409380
2024-04-05,11.0,11.09,10.94,11.0,9631727
2024-04-08,11.0,11.24,10.94,11.03,11669502
2024-04-09,11.09,11.24,10.97,11.24,4447989
2024-04-10,11.27,11.27,11.09,11.09,4269718
2024-04-11,10.94,11.09,10.94,11.09,6872629
2024-04-12,11.09,11.3,11.03,11.3,10983193
2024-04-15,11.15,11.27,10.57,10.57,12294528
2024-04-16,10.57,10.73,10.27,10.63,16800367
2024-04-17,10.7,10.7,10.27,10.27,6202546
2024-04-19,10.24,10.33,9.91,10.03,8466392
2024-04-22,10.27,10.6,10.15,10.57,12636955
2024-04-23,10.51,10.63,10.36,10.42,6326477
2024-04-24,10.6,10.88,10.57,10.88,11891874
2024-04-25,10.85,10.88,10.7,10.85,4945753
2024-04-26,10.66,10.85,10.66,10.82,3092380
2024-05-02,10.82,10.85,10.66,10.66,1668427
2024-05-03,10.73,10.82,10.57,10.57,7857085
2024-05-06,10.7,10.82,10.63,10.76,4038552
2024-05-07,10.79,10.79,10.63,10.73,2575038
2024-05-08,10.7,10.76,10.6,10.73,4168883
2024-05-09,10.76,11.12,10.7,10.97,15538786
2024-05-10,11.0,11.06,10.88,10.94,8321349
2024-05-13,10.94,11.09,10.82,10.88,5844574
2024-05-14,10.91,11.0,10.82,10.88,4387329
2024-05-15,11.0,11.0,10.82,10.85,9488725
2024-05-16,11.0,11.12,10.88,11.09,9640850
2024-05-17,11.12,11.27,11.03,11.12,12136290
2024-05-20,11.12,11.24,11.12,11.15,13765827
2024-05-21,11.18,11.18,11.0,11.09,4451104
2024-05-22,11.12,11.15,10.94,10.97,6157747
2024-05-23,10.97,11.06,10.91,11.06,5062723
2024-05-24,10.88,11.09,10.63,10.73,15603862
2024-05-27,10.73,10.82,10.6,10.7,5793453
2024-05-28,10.76,10.82,10.7,10.79,4458316
2024-05-29,10.82,10.82,10.7,10.7,4683211
2024-05-30,10.7,10.73,10.57,10.7,6362308
2024-05-31,10.7,10.76,10.6,10.66,3888474
2024-06-03,10.73,11.09,10.7,10.91,12045228
2024-06-04,10.97,11.0,10.88,10.91,4465731
2024-06-05,10.91,10.97,10.85,10.88,4057482
2024-06-06,10.88,11.09,10.85,11.03,8350356
2024-06-07,11.06,11.12,10.94,10.94,3481908
2024-06-10,11.03,11.24,11.0,11.09,13101015
2024-06-11,11.12,11.18,10.97,11.0,4549487
2024-06-12,11.0,11.18,10.97,11.15,6748117
2024-06-13,11.18,11.54,11.15,11.48,44008939
2024-06-14,11.48,11.54,11.27,11.27,11914278
2024-06-17,11.3,11.3,11.12,11.21,9227155
2024-06-18,11.33,11.33,11.18,11.24,7925120
2024-06-19,11.3,11.33,11.12,11.21,8455930
2024-06-20,11.36,11.36,11.18,11.33,8933153
2024-06-21,11.27,11.4,11.21,11.24,7478006
2024-06-24,11.21,11.24,10.81,10.81,9998726
2024-06-25,10.9,10.93,10.81,10.9,4195120
2024-06-26,10.87,10.9,10.74,10.9,4414757
2024-06-27,10.84,10.9,10.77,10.84,2870324
2024-06-28,10.71,10.87,10.62,10.68,5437684
2024-07-01,10.68,10.77,10.65,10.77,2304798
2024-07-02,10.77,10.93,10.77,10.84,2732397
2024-07-03,10.87,10.99,10.84,10.9,3470501
2024-07-04,10.93,11.05,10.9,10.96,4745748
2024-07-05,10.96,10.99,10.84,10.99,2533797
2024-07-08,10.99,11.21,10.99,11.02,12786282
2024-07-09,11.02,11.18,10.99,11.12,7759602
2024-07-10,11.18,11.18,10.93,11.09,4930100
2024-07-11,11.12,11.21,11.02,11.12,9298029
2024-07-12,11.12,11.18,11.05,11.15,4263833
2024-07-15,11.15,11.18,10.93,10.96,2941273
2024-07-16,10.99,11.21,10.99,11.09,4742215
2024-07-17,11.09,11.36,10.99,11.09,10970541
2024-07-18,11.15,11.18,10.99,11.18,3673666
2024-07-19,11.18,11.52,11.12,11.43,42893806
2024-07-22,11.43,11.74,11.36,11.55,32705162
2024-07-23,11.58,11.61,10.74,11.02,14193128
2024-07-24,10.96,11.24,10.87,11.15,16213404
2024-07-25,10.99,11.18,10.99,11.05,7532966
2024-07-26,11.12,11.18,11.05,11.09,5558371
2024-07-29,11.18,11.36,11.15,11.24,13239463
2024-07-30,11.24,11.3,11.05,11.18,5121957
2024-07-31,11.21,11.52,11.18,11.27,21622214
2024-08-01,11.3,11.33,10.87,10.99,14232788
2024-08-02,10.87,11.02,10.77,11.02,12011577
2024-08-05,10.74,10.9,10.43,10.43,17831543
2024-08-06,10.59,10.87,10.46,10.77,9816351
2024-08-07,10.77,10.93,10.56,10.59,13941183
2024-08-08,10.59,10.68,10.46,10.5,6128688
2024-08-09,10.68,10.77,10.56,10.62,13230777
2024-08-12,10.62,10.74,10.56,10.71,4133334
2024-08-13,10.71,10.87,10.65,10.71,7204284
2024-08-14,10.77,10.77,10.68,10.68,2721711
2024-08-15,10.68,10.74,10.62,10.62,3773838
2024-08-16,10.65,10.9,10.65,10.87,8175982
2024-08-19,10.87,10.96,10.77,10.87,8332879
2024-08-20,10.87,10.99,10.87,10.9,8888684
2024-08-21,10.9,11.12,10.87,11.12,16731142
2024-08-22,11.18,11.3,11.12,11.18,7987928
2024-08-23,11.18,11.18,10.99,11.12,8050463
2024-08-26,11.12,11.3,11.05,11.05,11812943
2024-08-27,11.05,11.12,10.99,11.02,4465669
2024-08-28,11.05,11.18,10.99,11.02,8035333
2024-08-29,11.02,11.21,11.02,11.09,7341604
2024-08-30,11.09,11.18,11.05,11.12,6998759
2024-09-04,10.93,11.02,10.87,10.96,7588693
2024-09-05,11.02,11.05,10.9,10.93,4866650
2024-09-06,10.96,11.12,10.9,10.99,7409422
2024-09-09,10.96,11.02,10.9,10.93,3034364
2024-09-10,10.99,11.21,10.99,11.05,16888810
2024-09-11,11.12,11.15,10.99,11.09,3937481
2024-09-12,11.18,11.4,11.12,11.27,28884459
2024-09-13,11.3,11.33,11.21,11.27,6115159
2024-09-16,11.27,11.4,11.12,11.18,14300838
2024-09-17,11.18,11.27,11.12,11.27,4891183
2024-09-18,11.33,11.43,11.21,11.33,15986465
2024-09-19,11.36,11.49,11.33,11.33,15198847
2024-09-20,11.4,11.49,11.21,11.24,24879440
2024-09-23,11.4,11.63,11.36,11.36,11937319
2024-09-24,11.4,11.48,11.29,11.48,5345342
2024-09-25,11.55,11.66,11.51,11.63,11743747
2024-09-26,11.7,12.41,11.59,12.41,60835591
2024-09-27,12.67,12.82,12.37,12.59,60292572
2024-09-30,12.59,13.0,12.56,12.82,37870846
2024-10-01,12.82,12.97,12.63,12.74,30055170
2024-10-02,12.86,13.12,12.71,13.04,33126116
2024-10-03,13.12,13.49,12.93,13.04,51544738
2024-10-04,13.19,13.19,12.82,12.86,20469240
2024-10-07,13.0,13.12,12.86,13.04,16728021
2024-10-08,13.19,13.49,13.08,13.08,32036591
2024-10-09,13.12,13.19,12.97,13.12,15091566
2024-10-10,13.27,13.45,12.97,13.0,34478837
2024-10-11,13.0,13.04,12.86,13.04,13145944
2024-10-14,13.12,13.19,12.93,13.0,13864814
2024-10-15,13.12,13.27,12.97,13.0,14886065
2024-10-16,12.97,13.08,12.93,13.04,8609094
2024-10-17,13.08,13.38,12.89,13.34,22484094
2024-10-18,13.41,13.49,13.23,13.27,29526373
2024-10-21,13.15,13.27,13.04,13.04,12879407
2024-10-22,12.97,13.27,12.78,12.89,31071770
2024-10-23,12.93,13.23,12.82,13.15,18025064
2024-10-24,13.23,13.3,12.71,12.71,18328397
2024-10-25,12.78,12.89,12.67,12.71,16913571
2024-10-28,12.71,12.82,12.71,12.82,7926417
2024-10-29,12.86,12.93,12.74,12.74,9769963
2024-10-30,12.78,12.86,12.67,12.86,11124629
2024-10-31,12.78,13.08,12.71,12.89,19915965
2024-11-01,12.82,12.89,12.71,12.71,13069341
2024-11-04,12.71,12.74,12.3,12.33,27023859
2024-11-05,12.33,12.45,12.3,12.33,9264343
2024-11-06,12.45,12.71,12.33,12.63,12045520
2024-11-07,12.71,12.71,12.48,12.52,6842658
2024-11-08,12.59,12.59,12.33,12.41,8670181
2024-11-11,12.37,12.41,11.92,12.07,30709655
2024-11-12,12.15,12.15,11.96,12.0,9285623
2024-11-13,11.96,12.07,11.7,12.04,17339430
2024-11-14,11.96,12.15,11.74,11.74,10657890
2024-11-15,11.63,11.74,11.55,11.63,16228672
2024-11-18,11.63,12.0,11.59,11.92,16215321
2024-11-19,11.89,11.96,11.77,11.77,9962528
2024-11-20,11.7,12.18,11.7,11.96,11382625
2024-11-21,12.04,12.11,11.96,12.11,6030696
2024-11-22,12.07,12.15,12.0,12.0,6829807
2024-11-25,12.04,12.11,11.96,12.04,5432501
2024-11-26,12.04,12.22,12.04,12.04,7398141
2024-11-27,12.04,12.15,12.0,12.04,4889716
2024-11-28,12.11,12.3,12.07,12.11,11226487
2024-11-29,12.11,12.18,12.07,12.07,4915269
2024-12-02,12.18,12.26,12.0,12.0,6796362
2024-12-03,12.04,12.07,11.92,11.92,6556486
2024-12-04,11.96,11.96,11.77,11.77,8017084
2024-12-05,11.81,12.26,11.74,12.26,11743617
2024-12-06,12.3,12.3,12.11,12.11,9731894
2024-12-09,12.18,12.3,12.11,12.22,8423940
2024-12-10,12.22,12.3,12.18,12.18,4982300
2024-12-11,12.22,12.3,12.07,12.15,6316729
2024-12-12,12.18,12.41,12.11,12.18,17363669
2024-12-13,12.18,12.26,12.11,12.11,4588100
2024-12-16,12.11,12.22,12.04,12.07,9852128
2024-12-17,12.07,12.15,12.04,12.07,4268647
2024-12-18,12.07,12.15,12.0,12.11,5408555
2024-12-19,11.96,12.04,11.89,11.92,10789820
2024-12-20,11.96,11.96,11.85,11.85,5575726
2024-12-23,12.04,12.07,11.92,11.96,6275589
2024-12-24,11.96,12.04,11.92,11.96,5951925
2024-12-25,12.0,12.56,11.96,12.22,14532759
2024-12-26,12.18,12.37,12.18,12.33,6868626
2024-12-27,12.37,12.71,12.33,12.48,27808453
2024-12-30,12.52,12.59,12.3,12.41,6737172
2024-12-31,12.41,12.52,12.3,12.41,7934334
2025-01-02,12.45,12.45,12.22,12.33,5153532
2025-01-03,12.3,12.33,12.07,12.07,9678572
2025-01-06,12.07,12.15,11.92,11.96,7774012
2025-01-07,12.0,12.11,11.96,12.0,5753862
2025-01-08,12.11,12.18,12.04,12.07,4609078
2025-01-09,12.15,12.15,11.96,12.0,4450634
2025-01-10,12.0,12.11,11.81,11.85,8371072
2025-01-13,11.77,11.96,11.7,11.85,6940107
2025-01-14,11.85,11.96,11.81,11.85,3549550
2025-01-15,11.92,12.0,11.85,11.92,5697114
2025-01-16,12.0,12.07,11.92,11.96,6279717
2025-01-17,11.96,12.07,11.92,12.04,4339780
2025-01-20,12.11,12.26,12.07,12.22,6760313
2025-01-21,12.3,12.3,12.07,12.07,5406455
2025-01-22,12.15,12.15,12.0,12.0,5144114
2025-01-23,12.11,12.22,12.0,12.18,6162898
2025-01-24,12.15,12.3,12.15,12.26,8385965
2025-02-03,12.22,12.22,12.0,12.04,8875858
2025-02-04,12.11,12.37,12.04,12.33,10940880
2025-02-05,12.37,12.45,12.26,12.37,8951702
2025-02-06,12.45,12.59,12.3,12.33,8820555
2025-02-07,12.41,12.52,12.26,12.33,10062941
2025-02-10,12.3,12.56,12.18,12.48,17706881
2025-02-11,12.48,12.82,12.48,12.67,42527437
2025-02-12,12.74,12.74,12.52,12.56,7643518
2025-02-13,12.56,12.63,12.48,12.59,7953561
2025-02-14,12.67,12.78,12.59,12.59,9822625
2025-02-17,12.59,12.67,12.52,12.56,8525542
2025-02-18,12.56,12.71,12.52,12.59,9231695
2025-02-19,12.63,12.67,12.56,12.67,8593181
2025-02-20,12.67,12.86,12.63,12.74,17115175
2025-02-21,12.78,12.78,12.59,12.67,10003413
2025-02-24,12.67,12.78,12.59,12.71,12874869
2025-02-25,12.78,12.78,12.59,12.63,15156834
2025-02-26,12.74,12.74,12.59,12.63,12931156
2025-02-27,12.67,12.71,12.52,12.59,18066708
2025-02-28,12.56,12.59,12.45,12.45,20443237
2025-03-03,12.22,12.26,12.0,12.07,61870386
2025-03-04,12.07,12.18,12.0,12.07,20883499
2025-03-05,12.11,12.22,12.0,12.0,15098147
2025-03-06,12.0,12.11,11.96,12.07,17486001
2025-03-07,12.07,12.26,12.07,12.18,18982813
2025-03-10,12.18,12.26,12.07,12.07,12091571
2025-03-11,12.0,12.11,11.96,12.11,9441252
2025-03-12,12.11,12.15,12.0,12.04,8871670
2025-03-13,12.04,12.07,11.96,11.96,9956155
2025-03-14,11.96,12.04,11.92,12.0,10226070
2025-03-17,12.04,12.26,11.96,12.18,14575385
2025-03-18,12.22,12.22,12.07,12.11,5579794
2025-03-19,12.11,12.15,11.92,11.96,17896124
2025-03-20,11.96,12.0,11.18,11.33,81025216
2025-03-21,11.18,11.33,10.88,10.99,38296269
2025-03-24,10.96,11.14,10.77,10.81,29390757
2025-03-25,10.84,11.18,10.84,11.03,18410538
2025-03-26,11.03,11.07,10.77,10.81,18664654
2025-03-27,10.81,10.88,10.58,10.66,19581131
2025-03-28,10.69,10.73,10.58,10.58,9639037
2025-03-31,10.58,10.81,10.58,10.66,12043549
2025-04-01,10.73,10.77,10.62,10.66,7881714
2025-04-02,10.66,10.73,10.58,10.62,11858336
2025-04-03,9.99,10.43,9.91,9.91,52470535
2025-04-04,9.24,9.65,9.24,9.5,42689790
2025-04-08,9.24,9.32,8.87,8.87,30414597
2025-04-09,8.27,9.28,8.27,8.72,30885432
2025-04-10,9.32,9.32,9.32,9.32,1279664
2025-04-11,9.95,9.95,9.5,9.84,26122158
2025-04-14,9.87,9.91,9.65,9.73,13394316
2025-04-15,9.73,9.76,9.5,9.54,11198508
2025-04-16,9.5,9.69,9.5,9.65,8424167
2025-04-17,9.61,9.76,9.58,9.76,9435068
2025-04-18,9.76,9.95,9.76,9.84,12420409
2025-04-21,10.06,10.25,9.99,10.1,15964691
2025-04-22,9.99,10.1,9.69,9.99,24172642
2025-04-23,10.21,10.21,10.02,10.06,8552434
2025-04-24,10.1,10.14,9.95,10.02,6908743
2025-04-25,10.1,10.14,9.99,9.99,14042922
2025-04-28,10.14,10.14,9.99,10.06,8457626
2025-04-29,10.1,10.17,10.06,10.14,7018500
2025-05-05,10.21,10.25,10.1,10.14,4499063
2025-05-06,10.06,10.4,10.06,10.28,14699805
2025-05-07,10.43,10.43,10.28,10.36,12160145
2025-05-08,10.43,10.55,10.4,10.47,17154005
2025-05-09,10.58,10.58,10.43,10.47,17761369
2025-05-12,10.55,11.03,10.51,10.99,34291082
2025-05-13,11.15,11.15,10.79,10.87,18615811
2025-05-14,10.91,11.03,10.87,11.03,14773298
2025-05-15,11.03,11.11,10.83,10.99,14248146
2025-05-16,10.95,10.99,10.83,10.87,8593192
2025-05-19,10.79,10.83,10.71,10.75,8531993
2025-05-20,10.75,10.83,10.67,10.79,10478406
2025-05-21,10.79,10.99,10.75,10.79,15408387
2025-05-22,10.75,10.79,10.59,10.63,15419099
2025-05-23,10.63,10.67,10.51,10.59,9582657
2025-05-26,10.63,10.71,10.39,10.67,9096584
2025-05-27,10.67,10.75,10.39,10.67,11177750
2025-05-28,10.71,10.79,10.63,10.67,8514605
2025-05-29,10.71,10.75,10.67,10.71,7032877
2025-05-30,10.71,10.75,10.55,10.59,7904104
2025-06-02,10.31,10.51,10.19,10.47,21648529
2025-06-03,10.51,10.63,10.51,10.59,7567169
2025-06-04,10.59,10.63,10.47,10.47,8560149
2025-06-05,10.55,10.55,10.47,10.51,4782444
2025-06-06,10.51,10.55,10.43,10.47,6758571
2025-06-09,10.47,10.51,10.39,10.43,5651042
2025-06-10,10.43,10.51,10.39,10.43,4596301
2025-06-11,10.47,10.67,10.43,10.59,9203140
2025-06-12,10.59,10.67,10.55,10.63,7348011
2025-06-13,10.55,10.63,10.47,10.55,15367212
2025-06-16,10.55,10.67,10.51,10.63,8630180
2025-06-17,10.71,10.95,10.67,10.79,15766277
2025-06-18,10.83,10.83,10.67,10.71,5254080
2025-06-19,10.71,10.79,10.67,10.71,4783144
2025-06-20,10.67,10.79,10.63,10.67,6956543
2025-06-23,10.55,10.63,10.51,10.63,6863369
2025-06-24,10.71,10.71,10.59,10.59,6093359
2025-06-25,10.63,10.79,10.59,10.71,11611124
2025-06-26,10.71,10.75,10.63,10.67,4861534
2025-06-27,10.71,10.75,10.63,10.71,8297200
2025-06-30,10.75,10.83,10.71,10.75,12756790
2025-07-01,10.83,10.87,10.75,10.83,13101893
2025-07-02,10.83,10.91,10.79,10.87,9760921
2025-07-03,10.91,11.15,10.83,10.99,27263469
2025-07-04,11.03,11.11,10.99,10.99,10477847
2025-07-07,10.99,11.35,10.99,11.31,26263961
2025-07-08,11.15,11.31,11.11,11.19,32552242
2025-07-09,11.27,11.95,11.23,11.91,62059545
2025-07-10,11.99,12.03,11.75,11.87,17104305
2025-07-11,11.87,12.11,11.79,11.87,26333712
2025-07-14,11.87,11.91,11.63,11.91,20670158
2025-07-15,11.95,12.07,11.79,11.79,19492578
2025-07-16,11.75,11.91,11.75,11.91,15934154
2025-07-17,11.99,12.11,11.83,11.91,19302540
2025-07-18,11.95,12.27,11.87,12.07,26891993
2025-07-21,12.19,12.23,12.03,12.07,21269765
2025-07-22,12.03,12.35,11.87,12.23,28525664
2025-07-23,12.35,12.43,12.19,12.31,27111889
2025-07-24,12.31,12.71,12.31,12.47,28838575
2025-07-25,12.59,12.63,12.39,12.47,23927040
2025-07-28,12.51,13.19,12.47,13.15,42113346
2025-07-29,13.27,13.27,12.23,12.23,48805716
2025-07-30,12.31,12.79,12.23,12.71,28373259
2025-07-31,12.83,12.87,12.35,12.55,19596231
2025-08-01,12.55,12.59,12.27,12.55,20600777
2025-08-04,12.39,13.39,12.39,13.39,58160506
2025-08-05,13.95,14.31,13.47,14.07,95641099
2025-08-06,14.47,15.03,14.23,14.55,52755103
2025-08-07,14.67,15.55,14.39,15.55,73686855
2025-08-08,15.79,16.07,15.27,15.47,43617297
2025-08-11,15.51,15.75,15.07,15.63,60946022
2025-08-12,15.75,15.83,15.15,15.35,41400956
2025-08-13,15.35,15.59,14.83,15.31,43150309
2025-08-14,15.31,16.27,15.31,15.83,71678094
2025-08-15,16.03,16.03,15.35,15.59,44726847
2025-08-18,15.59,16.47,15.39,16.11,50434092
2025-08-19,16.23,16.99,16.11,16.99,70624067
2025-08-20,17.19,17.23,15.83,16.51,55925815
2025-08-21,16.79,17.63,16.51,17.63,114532647
2025-08-22,17.59,18.23,16.43,17.27,80733188
2025-08-25,17.27,17.43,16.07,16.07,59524530
2025-08-26,15.59,16.83,15.43,16.75,49499939
2025-08-27,17.03,17.31,16.03,16.15,54296456
2025-08-28,16.39,16.79,16.11,16.63,38297944
2025-08-29,16.79,17.11,16.51,16.71,47768356
2025-09-03,16.75,16.91,16.55,16.83,27342346
2025-09-04,17.07,17.35,16.83,17.19,37906629
2025-09-05,17.27,17.47,16.47,16.47,47107109
2025-09-08,16.15,16.43,15.47,15.47,54231477
2025-09-09,15.55,15.67,15.23,15.55,21870627
2025-09-10,15.63,15.79,15.27,15.35,20217202
2025-09-11,15.31,15.75,14.71,15.71,33096065
2025-09-12,15.83,15.83,15.47,15.59,13562355
2025-09-15,15.63,15.91,15.55,15.83,13107505
2025-09-16,15.95,16.03,15.59,15.71,14892577
2025-09-17,15.71,15.75,15.43,15.43,10751522
2025-09-18,15.43,15.55,14.95,15.07,18532878
2025-09-19,15.11,15.31,14.87,14.87,12261147
2025-09-22,14.95,15.19,14.55,15.19,20778456
2025-09-23,15.15,15.35,14.99,15.35,12070341
2025-09-24,15.31,15.71,14.91,15.71,29874722
2025-09-25,15.71,15.75,15.47,15.51,9199011
2025-09-26,15.47,15.55,15.03,15.03,10608337
2025-09-29,15.03,15.27,14.91,15.07,7336214
2025-09-30,15.11,15.19,14.71,15.07,11742321
2025-10-01,15.07,15.63,15.03,15.43,19788383
2025-10-02,15.43,15.63,15.03,15.03,11184379
2025-10-03,14.95,15.11,14.83,14.95,9155332
2025-10-06,15.23,15.95,15.03,15.87,25606476
2025-10-07,15.95,15.95,15.47,15.47,12571556
2025-10-08,15.75,15.75,15.27,15.55,21261778
2025-10-09,15.63,16.03,15.51,15.99,42839052
2025-10-10,16.07,16.11,15.63,15.67,23804197
2025-10-13,15.43,15.63,15.39,15.55,18312041
2025-10-14,15.59,15.83,15.23,15.35,41110920
2025-10-15,15.35,15.87,15.35,15.75,28536540
2025-10-16,15.87,15.87,15.59,15.79,17133945
2025-10-17,15.79,15.83,15.35,15.39,18713824
2025-10-20,15.39,15.39,14.35,14.35,26359599
2025-10-21,14.23,14.71,13.59,14.55,23313824
2025-10-22,14.67,14.71,14.03,14.51,8166614
2025-10-23,14.55,14.59,14.23,14.23,9154556
2025-10-24,14.27,14.35,13.95,14.31,10411761
2025-10-27,14.39,14.43,14.03,14.03,7158436
2025-10-28,13.99,14.35,13.95,14.35,8883123
2025-10-29,14.39,14.71,14.31,14.51,10941914
2025-10-30,14.69,14.69,14.4,14.4,5644446
2025-10-31,14.35,14.52,13.98,13.98,9010067
2025-11-03,14.1,14.52,13.98,13.98,20604049
2025-11-04,13.98,14.65,13.89,14.48,16482486
2025-11-05,14.44,14.48,14.14,14.19,4670645
2025-11-06,14.19,14.4,14.06,14.19,4180591
2025-11-07,14.1,14.23,13.72,13.85,8568969
2025-11-10,13.85,14.1,13.81,13.85,5428796
2025-11-11,13.89,14.19,13.81,14.19,4340376
2025-11-12,14.19,14.52,14.06,14.52,10054581
2025-11-13,14.44,14.48,14.23,14.23,4504233
2025-11-14,14.23,14.27,14.1,14.23,4320666
2025-11-17,14.27,14.44,14.19,14.4,4676931
2025-11-18,14.4,14.77,14.35,14.77,13317986
2025-11-19,14.77,14.77,14.4,14.4,4227126
2025-11-20,14.44,14.52,14.27,14.48,4216798
2025-11-21,14.31,14.48,14.14,14.48,5452216
2025-11-24,14.48,14.52,14.27,14.48,6503083
2025-11-25,14.35,14.48,14.14,14.23,5093337
2025-11-26,14.19,14.65,14.19,14.61,6900698
2025-11-27,14.61,14.94,14.52,14.56,8320307
2025-11-28,14.56,14.61,14.27,14.52,3785424
2025-12-01,14.44,14.48,14.27,14.27,4169638
2025-12-02,14.27,14.4,14.14,14.35,6559716
2025-12-03,14.4,14.82,14.4,14.56,17186555
2025-12-04,14.56,14.82,14.56,14.77,16145456
2025-12-05,14.86,14.9,14.48,14.61,7637348
2025-12-08,14.56,14.65,14.4,14.44,4436334
2025-12-09,14.4,14.48,14.02,14.19,16848565
2025-12-10,14.19,14.35,14.19,14.19,2986383
2025-12-11,14.23,14.31,14.06,14.1,6537384
2025-12-12,14.1,14.19,13.72,13.72,9148362
2025-12-15,13.68,13.85,13.64,13.72,7343377
2025-12-16,13.72,14.1,13.35,14.1,10797275
2025-12-17,14.02,14.19,13.85,13.85,4978212
2025-12-18,13.85,14.02,13.81,14.02,3422677
2025-12-19,14.06,14.14,13.98,14.14,3952508
2025-12-22,14.23,14.61,14.1,14.52,12329856
2025-12-23,14.61,14.82,14.23,14.56,11811264
2025-12-24,14.56,14.77,14.35,14.61,5945273
2025-12-25,14.65,14.73,14.27,14.27,6288046
2025-12-26,14.19,14.4,13.93,14.23,7465622
2025-12-29,14.27,14.4,14.19,14.19,4994327
2025-12-30,14.27,14.52,14.23,14.4,9191059
2025-12-31,14.48,14.48,14.35,14.35,4741423
2026-01-05,14.4,14.44,13.89,13.93,9758883
2026-01-06,14.06,14.4,13.89,14.31,10002239
2026-01-07,14.44,14.82,14.35,14.65,24323305
2026-01-08,14.69,15.24,14.52,14.82,28585504
2026-01-09,15.03,15.11,14.69,14.77,23650937
2026-01-12,14.77,15.44,14.73,15.28,31650927
2026-01-13,15.36,15.53,14.98,15.03,25051015
2026-01-14,15.07,15.07,14.69,14.69,16897621
2026-01-15,14.69,14.82,14.52,14.61,9935546
2026-01-16,14.82,14.86,14.56,14.61,8688949
2026-01-19,14.61,14.69,14.52,14.56,5057541
2026-01-20,14.61,14.94,14.61,14.65,19311494
2026-01-21,14.52,14.65,14.35,14.44,7509935
2026-01-22,14.44,14.77,14.44,14.61,7328336
2026-01-23,14.61,14.69,14.44,14.48,6052407
2026-01-26,14.4,14.48,14.1,14.35,9067898
2026-01-27,14.31,14.48,14.27,14.44,7441878
2026-01-28,14.48,14.48,14.14,14.19,6357429
2026-01-29,14.19,14.35,14.02,14.02,5250425
2026-01-30,14.1,14.44,13.98,14.44,6446966
2026-02-02,14.44,14.56,14.27,14.27,7442882
2026-02-03,14.44,14.56,14.23,14.4,8607689
2026-02-04,14.4,14.65,14.35,14.61,8484900
2026-02-05,14.61,14.73,14.35,14.35,5387091
2026-02-06,14.31,14.35,14.06,14.1,8886685
2026-02-09,14.19,14.27,14.06,14.1,4930992
2026-02-10,14.02,14.27,13.98,14.1,4370736
2026-02-11,14.1,14.56,14.1,14.56,9401137
2026-02-12,14.65,14.69,14.4,14.4,4655126
2026-02-13,14.4,14.69,14.35,14.69,5379831
2026-02-23,14.77,15.15,14.61,15.11,34801775
2026-02-24,15.11,15.4,14.82,15.15,34929036
2026-02-25,15.32,15.7,15.15,15.65,50421486
2026-02-26,15.78,15.78,15.24,15.4,20477733
2026-02-27,15.49,15.7,15.32,15.44,17478286
2026-03-02,15.03,15.49,14.94,14.94,38715487
2026-03-03,14.98,15.28,14.73,14.77,24837591
2026-03-04,14.73,14.94,13.93,14.52,30136803
2026-03-05,14.69,14.86,14.31,14.31,18628126
2026-03-06,14.27,14.48,14.14,14.14,14322061
2026-03-09,13.26,13.85,13.18,13.18,28469104
2026-03-10,13.51,13.72,13.18,13.43,22287701
2026-03-11,13.47,14.02,13.43,13.81,21028094
2026-03-12,13.6,13.81,13.39,13.47,13118523
2026-03-13,13.51,13.6,13.3,13.43,11271860
2026-03-16,13.51,13.6,13.39,13.43,6994997
2026-03-17,13.56,13.72,13.51,13.51,6395625
2026-03-18,13.6,13.72,13.35,13.47,8620254
2026-03-19,13.3,13.51,13.22,13.43,11851535
2026-03-20,13.35,13.43,13.26,13.26,4825329
2026-03-23,13.09,13.22,12.67,12.67,11946120
2026-03-24,13.01,13.39,12.88,13.26,11905396
2026-03-25,13.3,13.6,13.26,13.56,11995857
2026-03-26,13.56,13.56,13.35,13.35,6807679
2026-03-27,13.35,13.68,13.35,13.64,9254296
2026-03-30,13.35,13.6,13.3,13.39,5134468
2026-03-31,13.47,13.85,13.43,13.68,11369353
2026-04-01,13.89,14.06,13.68,13.72,11602563
2026-04-02,13.64,13.64,13.39,13.43,5654356
2026-04-03,13.56,13.56,13.39,13.43,4123016
2026-04-06,13.43,13.51,13.3,13.3,4702931
2026-04-07,13.39,13.43,13.05,13.22,9198416
2026-04-08,13.6,13.93,13.56,13.85,17322442
2026-04-09,13.81,13.81,13.64,13.64,5403764
2026-04-10,13.77,14.19,13.68,13.68,8886628
2026-04-13,13.6,13.85,13.51,13.72,7948999
2026-04-14,13.85,14.02,13.77,13.81,8618524
2026-04-15,13.81,13.93,13.72,13.77,6815726
2026-04-16,13.77,13.81,13.6,13.64,6093659
2026-04-17,13.64,13.77,13.6,13.64,6013268
2026-04-20,13.64,13.85,13.64,13.77,6490925
2026-04-21,13.81,13.85,13.64,13.64,6867712
2026-04-22,13.72,13.72,13.56,13.68,5316306
2026-04-23,13.68,13.98,13.64,13.68,7417655
2026-04-24,13.72,13.81,13.64,13.68,4054406
2026-04-28,13.68,13.77,13.64,13.64,4418103
2026-04-29,13.64,13.77,13.56,13.64,4034031
2026-05-04,13.64,13.81,13.64,13.68,6867195
2026-05-05,13.64,13.68,13.39,13.64,11231772
2026-05-06,13.6,13.68,13.43,13.64,7683734
2026-05-07,13.64,13.72,13.47,13.47,10351906
2026-05-08,13.47,13.6,13.39,13.43,12448608
2026-05-11,13.51,13.51,13.22,13.22,12459580
2026-05-12,13.26,13.3,13.01,13.26,11294550
2026-05-13,13.26,13.3,13.05,13.09,7050694
2026-05-14,13.18,13.43,13.09,13.3,11042791
2026-05-15,13.35,13.39,13.18,13.18,2821728
2026-05-18,13.18,13.18,13.01,13.01,7801693
2026-05-19,13.14,13.18,12.88,12.88,8055119
2026-05-20,12.97,13.14,12.72,13.01,13717913
2026-05-21,13.09,13.14,13.01,13.09,5923838
2026-05-22,13.09,13.09,12.93,13.05,4722342
2026-05-25,13.09,13.18,13.01,13.09,4912988
2026-05-26,13.09,13.35,13.09,13.26,10804923
2026-05-27,13.3,13.68,13.26,13.64,22081247
2026-05-28,13.64,13.64,13.35,13.35,7033130
2026-05-29,13.35,13.56,13.3,13.35,10472790
2026-06-01,13.43,13.47,13.18,13.18,7158826
2026-06-02,13.22,13.26,13.05,13.09,7032101
2026-06-03,13.09,13.35,13.09,13.18,7625396
2026-06-04,13.18,13.39,13.18,13.39,7211565
2026-06-05,13.39,13.77,13.39,13.6,28629742
2026-06-08,13.47,13.51,13.26,13.26,10809797
2026-06-09,13.3,13.43,13.22,13.43,5915660
2026-06-10,13.39,13.56,13.35,13.39,6649171
2026-06-11,13.3,13.47,13.26,13.3,5469750
2026-06-12,13.47,13.93,13.43,13.72,44517457
2026-06-15,13.81,13.93,13.68,13.81,19594139
2026-06-16,13.93,13.93,13.68,13.81,15332342
2026-06-17,13.81,13.93,13.68,13.81,16114328
2026-06-18,13.81,13.89,13.56,13.6,18070714
2026-06-19,13.6,13.6,13.47,13.6,7925295
2026-06-22,13.64,13.64,13.43,13.64,10990151
2026-06-23,13.64,13.93,13.51,13.56,14312598
2026-06-24,13.56,13.6,13.39,13.43,8880790
2026-06-25,13.47,13.64,13.43,13.43,5241897
2026-06-26,13.43,13.6,13.43,13.51,5989586
2026-06-29,13.56,13.77,13.56,13.72,10099590
2026-06-30,13.72,13.98,13.64,13.93,32664421
2026-07-01,13.93,14.06,13.85,14.06,21988092
2026-07-02,14.1,14.1,13.77,13.85,9897158
2026-07-03,13.85,13.93,13.72,13.89,7426628
2026-07-06,13.98,13.98,13.51,13.6,9657295
2026-07-07,13.64,13.68,13.51,13.6,5924823
2026-07-08,13.6,13.85,13.6,13.68,11511689
2026-07-09,13.64,13.81,13.56,13.6,6456076
2026-07-10,13.6,13.64,13.39,13.39,7742409
2026-07-13,13.35,13.39,12.88,13.05,14686677
2026-07-14,13.05,13.14,12.84,13.01,7161213
2026-07-15,13.05,13.05,12.8,12.84,7420954
2026-07-16,12.8,13.01,12.63,12.93,14136665
2026-07-17,13.01,13.01,12.76,12.76,3544341
2026-07-20,12.72,12.76,12.13,12.21,11519552
2026-07-21,12.09,12.38,12.09,12.21,6360036
2026-07-22,12.21,12.38,11.67,11.84,17506697
2026-07-23,11.67,11.92,11.54,11.75,15590155
2026-07-24,11.71,12.05,11.54,11.92,12205393
2026-07-27,12.09,12.13,11.67,11.67,6272193
2026-07-28,11.67,11.92,11.58,11.79,8170918
2026-07-29,11.79,11.88,11.75,11.84,4509660
2026-07-30,11.79,12.13,11.79,12.09,7995214
2026-07-31,12.17,12.34,11.84,11.84,10533966
2026-08-03,11.96,12.26,11.92,12.09,11248866
2026-08-04,12.09,12.21,12.05,12.21,7499726
2026-08-05,12.21,12.63,12.21,12.38,20666440
2026-08-06,12.38,12.38,12.13,12.17,6263275
2026-08-07,12.13,12.3,12.05,12.26,4806588
2026-08-10,12.26,12.47,12.21,12.38,12970473
2026-08-11,12.38,12.51,12.34,12.34,5886047
2026-08-12,12.34,12.42,12.26,12.34,3030272
2026-08-13,12.34,12.42,12.13,12.13,6513096
2026-08-14,12.17,12.17,12.05,12.09,4199307
2026-08-17,12.09,12.21,12.0,12.13,4469849
2026-08-18,12.09,12.17,12.0,12.05,3714219
2026-08-19,12.05,12.17,11.92,12.17,7664638
2026-08-20,12.17,12.26,12.05,12.17,6288105
2026-08-21,12.26,12.42,12.13,12.42,8111341
2026-08-24,12.55,12.55,12.26,12.26,13015517
2026-08-25,12.26,12.34,12.09,12.13,5377795
2026-08-26,12.13,12.3,12.05,12.17,6933232
2026-08-27,12.17,12.38,12.17,12.34,4149089
2026-08-28,12.34,12.42,12.26,12.3,6624632
2026-09-03,12.26,12.26,12.17,12.17,3221529
2026-09-04,12.26,12.42,12.17,12.34,8586596
2026-09-07,12.34,12.42,12.17,12.21,5158077
2026-09-08,12.21,12.3,12.17,12.17,5562917
2026-09-09,12.17,12.26,12.13,12.13,2312768
2026-09-10,12.13,12.17,12.09,12.13,4280994
2026-09-11,12.09,12.13,11.88,11.88,6447820
2026-09-14,11.88,11.96,11.71,11.75,6607242
2026-09-15,11.75,12.05,11.75,11.88,16860148
2026-09-16,11.92,11.96,11.75,11.75,4624307
2026-09-17,11.75,12.0,11.71,11.79,8812451
2026-09-18,11.92,12.05,11.84,11.84,6859880
2026-09-21,12.0,12.0,11.75,11.75,6204502
2026-09-22,11.84,11.96,11.79,11.96,10221395
2026-09-23,12.0,12.38,11.96,12.38,28169325
2026-09-24,12.38,12.47,12.17,12.34,13353720
2026-09-25,12.34,12.42,12.26,12.26,8782136
2026-09-28,12.26,12.3,12.09,12.26,9167746
2026-09-29,12.17,12.34,12.09,12.17,6928557
2026-09-30,12.26,12.26,12.09,12.13,5575807
2026-10-01,12.13,12.3,12.09,12.09,16567364
2026-10-02,12.3,12.3,11.75,11.9,11200664
2026-10-05,11.95,12.1,11.85,11.9,4982178
2026-10-06,11.85,12.0,11.6,11.8,7397769
2026-10-07,11.8,11.85,11.65,11.8,6445167
2026-10-08,11.8,11.85,11.55,11.6,6156717
